-- MySQL dump 10.13  Distrib 5.6.24, for Win64 (x86_64)
--
-- Host: localhost    Database: simulafila
-- ------------------------------------------------------
-- Server version	5.6.26-log

/*!40101 SET @OLD_CHARACTER_SET_CLIENT=@@CHARACTER_SET_CLIENT */;
/*!40101 SET @OLD_CHARACTER_SET_RESULTS=@@CHARACTER_SET_RESULTS */;
/*!40101 SET @OLD_COLLATION_CONNECTION=@@COLLATION_CONNECTION */;
/*!40101 SET NAMES utf8 */;
/*!40103 SET @OLD_TIME_ZONE=@@TIME_ZONE */;
/*!40103 SET TIME_ZONE='+00:00' */;
/*!40014 SET @OLD_UNIQUE_CHECKS=@@UNIQUE_CHECKS, UNIQUE_CHECKS=0 */;
/*!40014 SET @OLD_FOREIGN_KEY_CHECKS=@@FOREIGN_KEY_CHECKS, FOREIGN_KEY_CHECKS=0 */;
/*!40101 SET @OLD_SQL_MODE=@@SQL_MODE, SQL_MODE='NO_AUTO_VALUE_ON_ZERO' */;
/*!40111 SET @OLD_SQL_NOTES=@@SQL_NOTES, SQL_NOTES=0 */;

--
-- Table structure for table `estatistica`
--

DROP TABLE IF EXISTS `estatistica`;
/*!40101 SET @saved_cs_client     = @@character_set_client */;
/*!40101 SET character_set_client = utf8 */;
CREATE TABLE `estatistica` (
  `ID_ESTATISTICA` int(11) NOT NULL,
  `SIGLA_ESTATISTICA` varchar(10) NOT NULL,
  `NOME_ESTATISTICA` varchar(45) NOT NULL,
  PRIMARY KEY (`ID_ESTATISTICA`)
) ENGINE=InnoDB DEFAULT CHARSET=utf8;
/*!40101 SET character_set_client = @saved_cs_client */;

--
-- Dumping data for table `estatistica`
--

LOCK TABLES `estatistica` WRITE;
/*!40000 ALTER TABLE `estatistica` DISABLE KEYS */;
INSERT INTO `estatistica` VALUES (1,'L','Média de clientes no sistema'),(2,'Lq','Média de clientes na fila'),(3,'W','Tempo médio do cliente no sistema'),(4,'Wq','Tempo médio de espera do cliente');
/*!40000 ALTER TABLE `estatistica` ENABLE KEYS */;
UNLOCK TABLES;

--
-- Table structure for table `estatistica_simulacao`
--

DROP TABLE IF EXISTS `estatistica_simulacao`;
/*!40101 SET @saved_cs_client     = @@character_set_client */;
/*!40101 SET character_set_client = utf8 */;
CREATE TABLE `estatistica_simulacao` (
  `ID_SIMULACAO` int(11) NOT NULL,
  `ID_ESTATISTICA` int(11) NOT NULL,
  `VALOR_MEDIA` double NOT NULL,
  `VALOR_VARIANCIA` double NOT NULL,
  PRIMARY KEY (`ID_SIMULACAO`,`ID_ESTATISTICA`),
  KEY `fk_ESTATISTICA_SIMULACAO_ESTATISTICA1_idx` (`ID_ESTATISTICA`),
  CONSTRAINT `fk_ESTATISTICA_SIMULACAO_ESTATISTICA1` FOREIGN KEY (`ID_ESTATISTICA`) REFERENCES `estatistica` (`ID_ESTATISTICA`) ON DELETE NO ACTION ON UPDATE NO ACTION,
  CONSTRAINT `fk_ESTATISTICA_SIMULACAO_SIMULACAO` FOREIGN KEY (`ID_SIMULACAO`) REFERENCES `simulacao` (`ID_SIMULACAO`) ON DELETE NO ACTION ON UPDATE NO ACTION
) ENGINE=InnoDB DEFAULT CHARSET=utf8;
/*!40101 SET character_set_client = @saved_cs_client */;

--
-- Dumping data for table `estatistica_simulacao`
--

LOCK TABLES `estatistica_simulacao` WRITE;
/*!40000 ALTER TABLE `estatistica_simulacao` DISABLE KEYS */;
INSERT INTO `estatistica_simulacao` VALUES (4,1,36.114285714285714,334.92979591836746),(4,2,35.121428571428574,334.42096938775524),(4,3,22.783918185792007,1588.5028670733582),(4,4,22.15515370702753,1589.920360290678),(5,1,2.83,7.641100000000002),(5,2,2.03,6.669100000000002),(5,3,0.14177963525835804,0.018208992472814736),(5,4,0.10435005065856036,0.01657540583333023),(6,1,2.8640873015873014,9.879225382638884),(6,2,2.1646825396825395,8.366099998423653),(6,3,8.755172727272729,68.57372019196305),(6,4,6.627348484848531,61.80229469582208),(7,1,11.008784773060029,48.14068517794943),(7,2,2.5812591508052707,16.46369518640785),(7,3,70.94559433972007,3278.488845094548),(7,4,16.69213207552851,456.8361829945101),(8,1,1.690909090909091,2.2701986754966814),(8,2,0.9074380165289256,1.706649882327186),(8,3,3.258350254167409,4.028619468593003),(8,4,1.7583352540173922,4.028619468593),(9,1,2.669573643410853,4.985765870420092),(9,2,1.8372093023255813,4.229535560417763),(9,3,25.893233644858867,291.66973346374806),(9,4,17.86519626168129,288.65306638563135);
/*!40000 ALTER TABLE `estatistica_simulacao` ENABLE KEYS */;
UNLOCK TABLES;

--
-- Table structure for table `parametros`
--

DROP TABLE IF EXISTS `parametros`;
/*!40101 SET @saved_cs_client     = @@character_set_client */;
/*!40101 SET character_set_client = utf8 */;
CREATE TABLE `parametros` (
  `ID_PARAMETRO` int(11) NOT NULL AUTO_INCREMENT,
  `ID_TIPO_DISTRIBUICAO` int(11) NOT NULL,
  `SIGLA_PARAMETRO` varchar(10) NOT NULL,
  `NOME_PARAMETRO` varchar(45) NOT NULL,
  PRIMARY KEY (`ID_PARAMETRO`),
  KEY `fk_PARAMETROS_TIPO_DISTRIBUICAO1_idx` (`ID_TIPO_DISTRIBUICAO`),
  CONSTRAINT `fk_PARAMETROS_TIPO_DISTRIBUICAO1` FOREIGN KEY (`ID_TIPO_DISTRIBUICAO`) REFERENCES `tipo_distribuicao` (`ID_TIPO_DISTRIBUICAO`) ON DELETE NO ACTION ON UPDATE NO ACTION
) ENGINE=InnoDB AUTO_INCREMENT=6 DEFAULT CHARSET=utf8;
/*!40101 SET character_set_client = @saved_cs_client */;

--
-- Dumping data for table `parametros`
--

LOCK TABLES `parametros` WRITE;
/*!40000 ALTER TABLE `parametros` DISABLE KEYS */;
INSERT INTO `parametros` VALUES (1,1,'LAMBDA','TAXA MÉDIA CHEGADA/ATENDIMENTO'),(2,2,'LAMBDA','TAXA DE CHEGADA/ATENDIMENTO'),(3,3,'THETA','THETA'),(4,3,'K','PARÂMETRO DE FORMA'),(5,4,'PLANILHA','PLANILHA');
/*!40000 ALTER TABLE `parametros` ENABLE KEYS */;
UNLOCK TABLES;

--
-- Table structure for table `parametros_simulacao`
--

DROP TABLE IF EXISTS `parametros_simulacao`;
/*!40101 SET @saved_cs_client     = @@character_set_client */;
/*!40101 SET character_set_client = utf8 */;
CREATE TABLE `parametros_simulacao` (
  `ID_PARAMETROS` int(11) NOT NULL AUTO_INCREMENT,
  `ID_PARAMETRO` int(11) NOT NULL,
  `ID_SIMULACAO` int(11) NOT NULL,
  `VALOR_PARAMETRO` double NOT NULL,
  `VALOR_TEMPO` double DEFAULT NULL,
  `DISTRIBUICAO_TIPO` char(1) NOT NULL,
  PRIMARY KEY (`ID_PARAMETROS`),
  KEY `fk_PARAMETROS_SIMULACAO_SIMULACAO1_idx` (`ID_SIMULACAO`),
  KEY `fk_PARAMETROS_SIMULACAO_PARAMETROS1_idx` (`ID_PARAMETRO`),
  CONSTRAINT `fk_PARAMETROS_SIMULACAO_PARAMETROS1` FOREIGN KEY (`ID_PARAMETRO`) REFERENCES `parametros` (`ID_PARAMETRO`) ON DELETE NO ACTION ON UPDATE NO ACTION,
  CONSTRAINT `fk_PARAMETROS_SIMULACAO_SIMULACAO1` FOREIGN KEY (`ID_SIMULACAO`) REFERENCES `simulacao` (`ID_SIMULACAO`) ON DELETE NO ACTION ON UPDATE NO ACTION
) ENGINE=InnoDB AUTO_INCREMENT=456 DEFAULT CHARSET=utf8;
/*!40101 SET character_set_client = @saved_cs_client */;

--
-- Dumping data for table `parametros_simulacao`
--

LOCK TABLES `parametros_simulacao` WRITE;
/*!40000 ALTER TABLE `parametros_simulacao` DISABLE KEYS */;
INSERT INTO `parametros_simulacao` VALUES (413,3,4,2,NULL,'C'),(414,4,4,2,NULL,'C'),(415,1,4,2,NULL,'A'),(444,1,5,20,NULL,'C'),(445,1,5,27,NULL,'A'),(446,1,6,0.3333333,NULL,'C'),(447,1,6,0.45,NULL,'A'),(448,1,7,0.166666,NULL,'C'),(449,1,7,0.01666666,NULL,'A'),(450,1,8,0.5,NULL,'C'),(451,2,8,0.66666,NULL,'A'),(452,1,9,0.1,NULL,'C'),(453,5,9,0.3333,7,'A'),(454,5,9,0.6666,8,'A'),(455,5,9,1,9,'A');
/*!40000 ALTER TABLE `parametros_simulacao` ENABLE KEYS */;
UNLOCK TABLES;

--
-- Table structure for table `resultado_cliente`
--

DROP TABLE IF EXISTS `resultado_cliente`;
/*!40101 SET @saved_cs_client     = @@character_set_client */;
/*!40101 SET character_set_client = utf8 */;
CREATE TABLE `resultado_cliente` (
  `ID_RESULTADO_CLIENTE` int(11) NOT NULL AUTO_INCREMENT,
  `ID_SIMULACAO` int(11) NOT NULL,
  `NO_CLIENTE` int(11) NOT NULL,
  `NO_POSICAO` int(11) NOT NULL,
  `ATENDENTE` int(11) NOT NULL,
  `TEMPO_ATENDIMENTO` double NOT NULL,
  `HORA_CHEGADA` double NOT NULL,
  `HORA_SAIDA` double NOT NULL,
  PRIMARY KEY (`ID_RESULTADO_CLIENTE`),
  KEY `fk_RESULTADO_CLIENTE_SIMULACAO1_idx` (`ID_SIMULACAO`),
  CONSTRAINT `fk_RESULTADO_CLIENTE_SIMULACAO1` FOREIGN KEY (`ID_SIMULACAO`) REFERENCES `simulacao` (`ID_SIMULACAO`) ON DELETE NO ACTION ON UPDATE NO ACTION
) ENGINE=InnoDB AUTO_INCREMENT=25046 DEFAULT CHARSET=utf8;
/*!40101 SET character_set_client = @saved_cs_client */;

--
-- Dumping data for table `resultado_cliente`
--

LOCK TABLES `resultado_cliente` WRITE;
/*!40000 ALTER TABLE `resultado_cliente` DISABLE KEYS */;
INSERT INTO `resultado_cliente` VALUES (15883,4,0,0,0,0.3333333333333333,0.3663003663003682,0.6996336996337016),(15884,4,1,1,0,1,0.9157509157509173,1.9157509157509174),(15885,4,2,2,0,1,1.0921177587844293,140.16813186813184),(15886,4,3,3,0,0.2,1.7250291511894922,139.16813186813184),(15887,4,4,4,0,0.25,1.9010854892176636,2.1657509157509174),(15888,4,5,5,0,0.5,2.0644841820281234,2.6657509157509174),(15889,4,6,6,0,0.5,2.3347544522983963,3.1657509157509174),(15890,4,7,7,0,0.5,2.804238020373514,138.96813186813185),(15891,4,8,8,0,0.3333333333333333,2.9349569746218824,138.46813186813185),(15892,4,9,9,0,1,3.0385839176270655,4.165750915750918),(15893,4,10,10,0,0.16666666666666666,3.28488933634628,138.1347985347985),(15894,4,11,11,0,1,3.4507268156165973,137.96813186813185),(15895,4,12,12,0,1,3.8762587305102154,5.665750915750918),(15896,4,13,13,0,0.25,4.020350949530391,4.415750915750918),(15897,4,14,14,0,0.25,4.383987313166757,4.665750915750918),(15898,4,15,15,0,1,4.773092371532517,136.96813186813185),(15899,4,16,16,0,0.16666666666666666,5.361327665650164,135.96813186813185),(15900,4,17,17,0,1,5.4939536603451256,135.8014652014652),(15901,4,18,18,0,0.25,5.632266246790494,5.915750915750918),(15902,4,19,19,0,1,5.747341045409598,134.8014652014652),(15903,4,20,20,0,1,5.890813068365124,6.915750915750918),(15904,4,21,21,0,0.5,6.142069349772162,133.8014652014652),(15905,4,22,22,0,0.5,6.379599040983566,133.3014652014652),(15906,4,23,23,0,1,6.53368224591423,132.8014652014652),(15907,4,24,24,0,0.5,6.667910433833695,7.415750915750918),(15908,4,25,25,0,1,6.987399251725071,131.8014652014652),(15909,4,26,26,0,0.3333333333333333,7.081917210137171,7.749084249084251),(15910,4,27,27,0,0.5,7.574528047575594,8.249084249084252),(15911,4,28,28,0,0.3333333333333333,8.03324364390587,130.8014652014652),(15912,4,29,29,0,1,8.188764639240242,9.249084249084252),(15913,4,30,30,0,0.5,8.351366265256505,9.749084249084252),(15914,4,31,31,0,0.5,9.268797457917055,130.46813186813185),(15915,4,32,32,0,1,9.400203502595112,10.749084249084252),(15916,4,33,33,0,0.5,9.769207192632013,129.96813186813185),(15917,4,34,34,0,0.5,9.900268791583523,129.46813186813185),(15918,4,35,35,0,0.3333333333333333,10.323997605142846,128.96813186813185),(15919,4,36,36,0,0.3333333333333333,10.581067013883208,11.082417582417586),(15920,4,37,37,0,1,10.852069723910311,19.415750915750916),(15921,4,38,38,0,1,11.028436566943823,12.082417582417586),(15922,4,39,39,0,0.3333333333333333,11.446846608784828,18.415750915750916),(15923,4,40,40,0,0.5,11.558081314012862,14.082417582417586),(15924,4,41,41,0,0.5,11.981810127572185,12.582417582417586),(15925,4,42,42,0,1,12.194124352625266,13.582417582417586),(15926,4,43,43,0,1,13.643399714944106,15.082417582417586),(15927,4,44,44,0,0.5,14.779763351307741,17.74908424908425),(15928,4,45,45,0,0.3333333333333333,14.956754501750222,17.24908424908425),(15929,4,46,46,0,0.3333333333333333,15.03885630798996,15.41575091575092),(15930,4,47,47,0,0.5,15.34466670554348,15.91575091575092),(15931,4,48,48,0,1,15.82313560506501,16.91575091575092),(15932,4,49,49,0,0.3333333333333333,17.547273536099492,18.082417582417584),(15933,4,50,50,0,0.5,18.880606869432825,128.6347985347985),(15934,4,51,51,0,0.5,19.09942525017681,128.1347985347985),(15935,4,52,52,0,1,19.209315360066924,36.49908424908425),(15936,4,53,53,0,1,19.283831008353065,26.83241758241758),(15937,4,54,54,0,1,19.40805461083754,20.415750915750916),(15938,4,55,55,0,1,19.535443145869387,25.58241758241758),(15939,4,56,56,0,1,19.76639002808648,21.415750915750916),(15940,4,57,57,0,0.5,20.86529112698758,21.915750915750916),(15941,4,58,58,0,1,21.77438203607849,22.915750915750916),(15942,4,59,59,0,0.3333333333333333,22.101179421699406,24.58241758241758),(15943,4,60,60,0,0.3333333333333333,22.543657297805602,23.249084249084248),(15944,4,61,61,0,1,23.067217507229685,24.249084249084248),(15945,4,62,62,0,0.25,25.150550840563017,25.83241758241758),(15946,4,63,63,0,0.25,25.908126598138775,27.08241758241758),(15947,4,64,64,0,1,26.84270603739111,28.08241758241758),(15948,4,65,65,0,0.3333333333333333,27.213076407761484,35.49908424908425),(15949,4,66,66,0,1,27.34261008651796,29.08241758241758),(15950,4,67,67,0,1,28.2198030689741,35.16575091575091),(15951,4,68,68,0,1,28.811519045305463,30.08241758241758),(15952,4,69,69,0,0.3333333333333333,29.28321715851301,34.16575091575091),(15953,4,70,70,0,0.5,29.55131367325832,33.83241758241758),(15954,4,71,71,0,1,29.59231408326242,31.08241758241758),(15955,4,72,72,0,0.25,30.311738543694073,33.33241758241758),(15956,4,73,73,0,1,30.940669361304135,32.08241758241758),(15957,4,74,74,0,1,31.51870404338506,33.08241758241758),(15958,4,75,75,0,0.3333333333333333,36.28060880528982,36.832417582417584),(15959,4,76,76,0,1,36.573863937254636,37.832417582417584),(15960,4,77,77,0,0.5,36.910564273954975,39.832417582417584),(15961,4,78,78,0,0.16666666666666666,37.3397488233112,39.332417582417584),(15962,4,79,79,0,1,37.40681790446479,38.832417582417584),(15963,4,80,80,0,0.3333333333333333,38.0128785105254,39.16575091575092),(15964,4,81,81,0,0.5,39.46215387284423,127.6347985347985),(15965,4,82,82,0,0.3333333333333333,39.609212696373646,40.16575091575092),(15966,4,83,83,0,1,39.9068317439927,41.16575091575092),(15967,4,84,84,0,0.16666666666666666,40.241279904527815,127.1347985347985),(15968,4,85,85,0,1,40.993159603775936,42.16575091575092),(15969,4,86,86,0,0.3333333333333333,41.626070996181,43.33241758241759),(15970,4,87,87,0,0.3333333333333333,41.813688256968994,42.499084249084255),(15971,4,88,88,0,0.5,42.40540423330035,42.999084249084255),(15972,4,89,89,0,1,43.08107990897603,44.33241758241759),(15973,4,90,90,0,1,43.690836006537005,45.33241758241759),(15974,4,91,91,0,1,44.910348201658955,46.66575091575093),(15975,4,92,92,0,0.3333333333333333,45.307173598484354,45.66575091575093),(15976,4,93,93,0,0.25,45.76800309157191,126.96813186813183),(15977,4,94,94,0,0.5,45.86790319147202,126.71813186813183),(15978,4,95,95,0,0.3333333333333333,45.95272083354157,47.49908424908426),(15979,4,96,96,0,0.5,46.34642162094315,47.16575091575093),(15980,4,97,97,0,0.3333333333333333,47.16609375209069,126.21813186813183),(15981,4,98,98,0,1,47.24839827883966,125.8847985347985),(15982,4,99,99,0,0.3333333333333333,47.359632984067694,47.8324175824176),(15983,4,100,100,0,0.25,47.52547046333801,124.8847985347985),(15984,4,101,101,0,1,47.70662988362787,48.8324175824176),(15985,4,102,102,0,1,47.861189389037456,124.6347985347985),(15986,4,103,103,0,1,48.52785605570412,123.6347985347985),(15987,4,104,104,0,1,48.67236472622435,49.8324175824176),(15988,4,105,105,0,1,48.91274934160897,122.6347985347985),(15989,4,106,106,0,0.5,49.2342927499691,121.6347985347985),(15990,4,107,107,0,1,49.52414782243287,50.8324175824176),(15991,4,108,108,0,1,50.39371303982418,54.665750915750934),(15992,4,109,109,0,0.3333333333333333,50.553969450080594,53.665750915750934),(15993,4,110,110,0,1,50.78706968318083,51.8324175824176),(15994,4,111,111,0,1,50.88396890798703,53.3324175824176),(15995,4,112,112,0,0.5,51.47220420210468,52.3324175824176),(15996,4,113,113,0,0.3333333333333333,53.97220420210468,55.66575091575094),(15997,4,114,114,0,0.3333333333333333,54.349562692670716,55.332417582417605),(15998,4,115,115,0,0.3333333333333333,54.548369849728374,54.99908424908427),(15999,4,116,116,0,0.5,55.63532637146751,56.16575091575094),(16000,4,117,117,0,0.5,56.050264130803605,56.66575091575094),(16001,4,118,118,0,0.3333333333333333,56.36374375462806,121.1347985347985),(16002,4,119,119,0,1,56.47738011826443,57.66575091575094),(16003,4,120,120,0,0.3333333333333333,56.69429985796074,120.80146520146518),(16004,4,121,121,0,1,56.868819927768776,59.16575091575094),(16005,4,122,122,0,0.5,57.1473714598022,58.16575091575094),(16006,4,123,123,0,1,58.814038126468866,60.16575091575094),(16007,4,124,124,0,0.25,59.18578533836478,120.46813186813185),(16008,4,125,125,0,1,59.296896449475895,120.21813186813185),(16009,4,126,126,0,0.5,59.52999668257613,62.532417582417615),(16010,4,127,127,0,0.2,59.934854982171274,62.032417582417615),(16011,4,128,128,0,1,60.130167482171274,61.16575091575094),(16012,4,129,129,0,0.3333333333333333,60.25316871218357,61.83241758241761),(16013,4,130,130,0,0.3333333333333333,60.44848121218357,61.49908424908428),(16014,4,131,131,0,1,62.06138443799002,119.21813186813185),(16015,4,132,132,0,0.5,62.18942541110142,118.21813186813185),(16016,4,133,133,0,1,62.499984417312604,63.532417582417615),(16017,4,134,134,0,0.2,62.7028241739049,117.71813186813185),(16018,4,135,135,0,1,62.81356614511199,117.51813186813185),(16019,4,136,136,0,0.3333333333333333,63.0227711660325,63.86575091575095),(16020,4,137,137,0,0.3333333333333333,63.737056880318214,64.19908424908428),(16021,4,138,138,0,0.5,64.08670722996857,64.69908424908428),(16022,4,139,139,0,1,64.4245450678064,116.51813186813185),(16023,4,140,140,0,1,64.52980822570115,65.69908424908428),(16024,4,141,141,0,0.3333333333333333,64.79506021509107,115.51813186813185),(16025,4,142,142,0,1,65.19828602154269,115.18479853479852),(16026,4,143,143,0,0.3333333333333333,65.33679017666734,114.18479853479852),(16027,4,144,144,0,1,65.48150797695678,66.69908424908428),(16028,4,145,145,0,0.5,65.75032518125785,67.53241758241761),(16029,4,146,146,0,0.3333333333333333,66.04883264394442,67.03241758241761),(16030,4,147,147,0,1,67.05893365404543,68.53241758241761),(16031,4,148,148,0,1,67.61141984189074,113.85146520146519),(16032,4,149,149,0,1,67.69815011075457,112.85146520146519),(16033,4,150,150,0,0.25,68.26957868218314,68.78241758241761),(16034,4,151,151,0,0.3333333333333333,68.60514915198179,111.85146520146519),(16035,4,152,152,0,0.3333333333333333,68.76854784479225,69.11575091575094),(16036,4,153,153,0,0.5,69.04252044753198,69.61575091575094),(16037,4,154,154,0,0.3333333333333333,69.21002463513668,111.51813186813186),(16038,4,155,155,0,0.5,69.48935424407523,70.61575091575094),(16039,4,156,156,0,0.5,69.57585943438664,70.11575091575094),(16040,4,157,157,0,1,70.14404125256846,111.18479853479853),(16041,4,158,158,0,1,70.30127395697097,71.61575091575094),(16042,4,159,159,0,0.5,71.17846693942711,110.18479853479853),(16043,4,160,160,0,1,71.37003782065317,109.68479853479853),(16044,4,161,161,0,0.5,71.55251957247799,72.11575091575094),(16045,4,162,162,0,1,71.9356613349301,75.36575091575094),(16046,4,163,163,0,0.25,72.07397392137547,72.36575091575094),(16047,4,164,164,0,0.5,72.36382899383923,72.86575091575094),(16048,4,165,165,0,1,72.67152130153154,73.86575091575094),(16049,4,166,166,0,0.5,72.95400717723776,74.36575091575094),(16050,4,167,167,0,0.25,74.46915869238927,108.68479853479853),(16051,4,168,168,0,1,74.57365190033076,77.11575091575094),(16052,4,169,169,0,0.25,75.30357890763003,75.61575091575094),(16053,4,170,170,0,0.5,75.50641866422232,76.11575091575094),(16054,4,171,171,0,0.2,76.28161246267193,108.43479853479853),(16055,4,172,172,0,1,76.73615791721738,80.94908424908427),(16056,4,173,173,0,0.5,76.8827854831998,77.86575091575094),(16057,4,174,174,0,0.25,77.04671990942931,77.36575091575094),(16058,4,175,175,0,0.5,77.82796990942931,78.36575091575094),(16059,4,176,176,0,0.5,77.93356653033744,78.86575091575094),(16060,4,177,177,0,0.25,78.56647792274251,79.11575091575094),(16061,4,178,178,0,0.3333333333333333,79.08731125607584,79.44908424908427),(16062,4,179,179,0,0.5,79.42514909391367,79.94908424908427),(16063,4,180,180,0,0.25,80.24482122506122,108.23479853479853),(16064,4,181,181,0,1,80.53053551077551,82.0919413919414),(16065,4,182,182,0,0.14285714285714285,80.8162497964898,81.0919413919414),(16066,4,183,183,0,0.3333333333333333,81.43353374710708,107.98479853479853),(16067,4,184,184,0,1,81.6756644977124,83.0919413919414),(16068,4,185,185,0,1,82.38488435586844,84.0919413919414),(16069,4,186,186,0,0.5,83.56135494410373,85.0919413919414),(16070,4,187,187,0,0.5,83.82802161077039,84.5919413919414),(16071,4,188,188,0,1,84.81812062067138,86.0919413919414),(16072,4,189,189,0,0.5,85.34443641014506,107.6514652014652),(16073,4,190,190,0,0.3333333333333333,85.4797544074387,107.1514652014652),(16074,4,191,191,0,0.3333333333333333,85.60538254814223,106.81813186813187),(16075,4,192,192,0,1,85.91307485583454,87.23479853479854),(16076,4,193,193,0,0.14285714285714285,86.0513874422799,86.23479853479854),(16077,4,194,194,0,0.3333333333333333,86.38472077561323,106.48479853479854),(16078,4,195,195,0,1,86.54653307334786,106.15146520146521),(16079,4,196,196,0,0.25,86.86807648170799,105.15146520146521),(16080,4,197,197,0,1,87.20705953255545,88.23479853479854),(16081,4,198,198,0,1,87.70705953255545,89.40146520146521),(16082,4,199,199,0,0.16666666666666666,87.9688396372675,88.40146520146521),(16083,4,200,200,0,1,88.50359899555626,104.90146520146521),(16084,4,201,201,0,0.25,88.93278354491248,103.90146520146521),(16085,4,202,202,0,1,89.14600316111718,90.40146520146521),(16086,4,203,203,0,1,89.71743173254575,94.90146520146521),(16087,4,204,204,0,0.5,89.98409839921241,91.40146520146521),(16088,4,205,205,0,0.5,90.26034149313507,90.90146520146521),(16089,4,206,206,0,0.5,91.11504234783592,93.90146520146521),(16090,4,207,207,0,1,91.26888850168208,92.40146520146521),(16091,4,208,208,0,1,91.47722183501543,93.40146520146521),(16092,4,209,209,0,0.3333333333333333,94.70302828662832,95.23479853479854),(16093,4,210,210,0,0.5,94.9718454909294,95.73479853479854),(16094,4,211,211,0,1,95.33680899457903,96.73479853479854),(16095,4,212,212,0,0.25,95.77928687068523,103.65146520146521),(16096,4,213,213,0,0.5,96.003502117322,103.40146520146521),(16097,4,214,214,0,1,96.24860015653769,102.90146520146521),(16098,4,215,215,0,1,96.36610896969869,97.90146520146521),(16099,4,216,216,0,0.16666666666666666,96.44186654545626,96.90146520146521),(16100,4,217,217,0,1,97.5056963326903,98.90146520146521),(16101,4,218,218,0,0.5,98.64205996905395,101.90146520146521),(16102,4,219,219,0,1,98.8092840493215,99.90146520146521),(16103,4,220,220,0,0.5,99.8092840493215,100.40146520146521),(16104,4,221,221,0,1,100.14373220985662,101.40146520146521),(22213,5,0,0,0,0.03800000000000003,0.027000000000000017,0.06500000000000004),(22214,5,1,1,0,0.006,0.033000000000000015,0.07100000000000005),(22215,5,2,2,0,0.09300000000000007,0.12200000000000008,0.21500000000000014),(22216,5,3,3,0,0.007,0.1890000000000001,0.22200000000000014),(22217,5,4,4,0,0.05400000000000004,0.25500000000000017,0.3090000000000002),(22218,5,5,5,0,0.001,0.33300000000000024,0.33400000000000024),(22219,5,6,6,0,0.04300000000000003,0.34800000000000025,0.3910000000000003),(22220,5,7,7,0,0.03000000000000002,0.35800000000000026,0.4210000000000003),(22221,5,8,8,0,0.026000000000000016,0.3760000000000003,0.44700000000000034),(22222,5,9,9,0,0.017000000000000008,0.4940000000000004,0.5110000000000003),(22223,5,10,10,0,0.015000000000000006,0.5470000000000004,0.5620000000000004),(22224,5,11,11,0,0.012000000000000004,0.5990000000000004,0.6110000000000004),(22225,5,12,12,0,0.03300000000000002,0.6770000000000005,0.7100000000000005),(22226,5,13,13,0,0.024000000000000014,0.7000000000000005,0.7340000000000005),(22227,5,14,14,0,0.047000000000000035,0.8040000000000006,0.8510000000000006),(22228,5,15,15,0,0.02900000000000002,0.8380000000000006,0.8800000000000007),(22229,5,16,16,0,0.02100000000000001,0.9570000000000007,0.9780000000000008),(22230,5,17,17,0,0.001,0.9980000000000008,0.9990000000000008),(22231,5,18,18,0,0.011000000000000003,1.0600000000000007,1.0710000000000006),(22232,5,19,19,0,0.010000000000000002,1.0750000000000006,1.0850000000000006),(22233,5,20,20,0,0.06700000000000005,1.1330000000000007,1.2000000000000006),(22234,5,21,21,0,0.03900000000000003,1.2410000000000008,1.2800000000000007),(22235,5,22,22,0,0.035000000000000024,1.2630000000000008,1.3150000000000006),(22236,5,23,23,0,0.008,1.3980000000000008,1.4060000000000008),(22237,5,24,24,0,0.09000000000000007,1.4500000000000008,1.540000000000001),(22238,5,25,25,0,0.016000000000000007,1.524000000000001,1.556000000000001),(22239,5,26,26,0,0.012000000000000004,1.5550000000000008,1.568000000000001),(22240,5,27,27,0,0.027000000000000017,1.5750000000000008,1.6020000000000008),(22241,5,28,28,0,0.010000000000000002,1.5910000000000009,1.6120000000000008),(22242,5,29,29,0,0.027000000000000017,1.6420000000000008,1.6690000000000007),(22243,5,30,30,0,0.014000000000000005,1.6530000000000007,1.6830000000000007),(22244,5,31,31,0,0.008,1.7270000000000008,1.7350000000000008),(22245,5,32,32,0,0.03300000000000002,1.9000000000000008,1.9330000000000007),(22246,5,33,33,0,0.04500000000000003,1.9860000000000009,2.031000000000001),(22247,5,34,34,0,0.05400000000000004,2.116000000000001,2.170000000000001),(22248,5,35,35,0,0.04900000000000004,2.144000000000001,2.2190000000000007),(22249,5,36,36,0,0.025000000000000015,2.149000000000001,2.2440000000000007),(22250,5,37,37,0,0.007,2.161000000000001,2.251000000000001),(22251,5,38,38,0,0.09600000000000007,2.224000000000001,2.347000000000001),(22252,5,39,39,0,0.009000000000000001,2.272000000000001,2.3560000000000008),(22253,5,40,40,0,0.1560000000000001,2.333000000000001,2.512000000000001),(22254,5,41,41,0,0.014000000000000005,2.5320000000000014,2.546000000000001),(22255,5,42,42,0,0.015000000000000006,2.7290000000000014,2.7440000000000015),(22256,5,43,43,0,0.12500000000000008,2.7520000000000016,2.8770000000000016),(22257,5,44,44,0,0.04000000000000003,2.7800000000000016,2.9170000000000016),(22258,5,45,45,0,0.009000000000000001,2.8130000000000015,2.9260000000000015),(22259,5,46,46,0,0.003,2.8630000000000013,2.9290000000000016),(22260,5,47,47,0,0.09800000000000007,2.8840000000000012,3.0270000000000015),(22261,5,48,48,0,0.06200000000000005,2.998000000000001,3.0890000000000013),(22262,5,49,49,0,0.023000000000000013,3.014000000000001,3.1120000000000014),(22263,5,50,50,0,0.037000000000000026,3.054000000000001,3.1490000000000014),(22264,5,51,51,0,0.002,3.0610000000000013,3.151000000000001),(22265,5,52,52,0,0.012000000000000004,3.1360000000000015,3.163000000000001),(22266,5,53,53,0,0.04900000000000004,3.1650000000000014,3.2140000000000013),(22267,5,54,54,0,0.037000000000000026,3.1960000000000015,3.2510000000000012),(22268,5,55,55,0,0.1240000000000001,3.2140000000000013,3.3750000000000013),(22269,5,56,56,0,0.016000000000000007,3.2450000000000014,3.3910000000000013),(22270,5,57,57,0,0.058000000000000045,3.3070000000000013,3.449000000000001),(22271,5,58,58,0,0.03400000000000002,3.3230000000000013,3.483000000000001),(22272,5,59,59,0,0.03200000000000002,3.352000000000001,3.515000000000001),(22273,5,60,60,0,0.04100000000000003,3.372000000000001,3.556000000000001),(22274,5,61,61,0,0.003,3.4200000000000013,3.559000000000001),(22275,5,62,62,0,0.04300000000000003,3.6870000000000016,3.7300000000000018),(22276,5,63,63,0,0.12000000000000009,3.7570000000000014,3.8770000000000016),(22277,5,64,64,0,0.003,3.7630000000000012,3.8800000000000017),(22278,5,65,65,0,0.005,3.837000000000001,3.8850000000000016),(22279,5,66,66,0,0.007,3.8760000000000012,3.8920000000000017),(22280,5,67,67,0,0.010000000000000002,3.8870000000000013,3.9020000000000015),(22281,5,68,68,0,0.02100000000000001,3.9580000000000015,3.9790000000000014),(22282,5,69,69,0,0.002,3.9810000000000016,3.9830000000000014),(22283,5,70,70,0,0.017000000000000008,3.9870000000000014,4.004000000000001),(22284,5,71,71,0,0.003,4.008000000000002,4.011000000000002),(22285,5,72,72,0,0.022000000000000013,4.032000000000002,4.054000000000002),(22286,5,73,73,0,0.014000000000000005,4.091000000000002,4.105000000000002),(22287,5,74,74,0,0.016000000000000007,4.222000000000002,4.238000000000002),(22288,5,75,75,0,0.04100000000000003,4.262000000000002,4.303000000000003),(22289,5,76,76,0,0.006,4.336000000000002,4.342000000000002),(22290,5,77,77,0,0.010000000000000002,4.376000000000002,4.386000000000002),(22291,5,78,78,0,0.057000000000000044,4.472000000000002,4.529000000000003),(22292,5,79,79,0,0.07300000000000005,4.578000000000002,4.6510000000000025),(22293,5,80,80,0,0.057000000000000044,4.656000000000002,4.713000000000003),(22294,5,81,81,0,0.026000000000000016,4.7310000000000025,4.757000000000002),(22295,5,82,82,0,0.1470000000000001,4.750000000000003,4.904000000000003),(22296,5,83,83,0,0.001,4.772000000000003,4.905000000000003),(22297,5,84,84,0,0.007,4.886000000000003,4.912000000000003),(22298,5,85,85,0,0.007,4.887000000000003,4.919000000000002),(22299,5,86,86,0,0.046000000000000034,4.930000000000003,4.9760000000000035),(22300,5,87,87,0,0.005,4.932000000000003,4.981000000000003),(22301,5,88,88,0,0.01900000000000001,4.951000000000003,5.0000000000000036),(22302,5,89,89,0,0.03900000000000003,5.113000000000003,5.152000000000003),(22303,5,90,90,0,0.046000000000000034,5.133000000000003,5.198000000000003),(22304,5,91,91,0,0.09000000000000007,5.144000000000003,5.288000000000003),(22305,5,92,92,0,0.01800000000000001,5.1830000000000025,5.306000000000003),(22306,5,93,93,0,0.05500000000000004,5.1910000000000025,5.361000000000002),(22307,5,94,94,0,0.005,5.219000000000002,5.366000000000002),(22308,5,95,95,0,0.006,5.258000000000002,5.3720000000000026),(22309,5,96,96,0,0.011000000000000003,5.323000000000002,5.383000000000003),(22310,5,97,97,0,0.003,5.337000000000002,5.386000000000003),(22311,5,98,98,0,0.08800000000000006,5.3400000000000025,5.474000000000003),(22312,5,99,99,0,0.01900000000000001,5.3560000000000025,5.493000000000003),(22313,5,100,100,0,0.03100000000000002,5.382000000000002,5.524000000000003),(22314,5,101,101,0,0.028000000000000018,5.403000000000002,5.552000000000002),(22315,5,102,102,0,0.003,5.458000000000002,5.555000000000002),(22316,5,103,103,0,0.04500000000000003,5.598000000000002,5.643000000000002),(22317,5,104,104,0,0.01800000000000001,5.666000000000001,5.684000000000001),(22318,5,105,105,0,0.03800000000000003,5.718000000000001,5.756000000000001),(22319,5,106,106,0,0.028000000000000018,5.804000000000001,5.832000000000001),(22320,5,107,107,0,0.009000000000000001,5.921000000000001,5.9300000000000015),(22321,5,108,108,0,0.016000000000000007,5.973000000000001,5.989000000000001),(22322,5,109,109,0,0.04000000000000003,5.9750000000000005,6.029000000000001),(22323,5,110,110,0,0.035000000000000024,6.000000000000001,6.064000000000001),(22324,5,111,111,0,0.01800000000000001,6.013000000000001,6.082000000000001),(22325,5,112,112,0,0.015000000000000006,6.065,6.097),(22326,5,113,113,0,0.03200000000000002,6.238,6.2700000000000005),(22327,5,114,114,0,0.016000000000000007,6.291,6.307),(22328,5,115,115,0,0.01800000000000001,6.3100000000000005,6.328),(22329,5,116,116,0,0.04000000000000003,6.344,6.384),(22330,5,117,117,0,0.1290000000000001,6.477,6.606000000000001),(22331,5,118,118,0,0.01900000000000001,6.546,6.625000000000001),(22332,5,119,119,0,0.013000000000000005,6.594,6.638000000000001),(22333,5,120,120,0,0.028000000000000018,6.854,6.882),(22334,5,121,121,0,0.007,6.883,6.89),(22335,5,122,122,0,0.05400000000000004,6.969,7.023000000000001),(22336,5,123,123,0,0.10500000000000008,7.090000000000001,7.195000000000001),(22337,5,124,124,0,0.009000000000000001,7.094,7.2040000000000015),(22338,5,125,125,0,0.003,7.1080000000000005,7.207000000000002),(22339,5,126,126,0,0.02900000000000002,7.210000000000001,7.239000000000001),(22340,5,127,127,0,0.016000000000000007,7.243000000000001,7.259000000000001),(22341,5,128,128,0,0.017000000000000008,7.315000000000001,7.332000000000002),(22342,5,129,129,0,0.07900000000000006,7.415000000000001,7.494000000000001),(22343,5,130,130,0,0.022000000000000013,7.441000000000001,7.516000000000001),(22344,5,131,131,0,0.01800000000000001,7.482000000000001,7.534000000000001),(22345,5,132,132,0,0.012000000000000004,7.568000000000001,7.580000000000001),(22346,5,133,133,0,0.009000000000000001,7.582000000000002,7.591000000000002),(22347,5,134,134,0,0.028000000000000018,7.663000000000002,7.691000000000002),(22348,5,135,135,0,0.012000000000000004,7.674000000000002,7.703000000000001),(22349,5,136,136,0,0.017000000000000008,7.732000000000002,7.749000000000002),(22350,5,137,137,0,0.03200000000000002,7.745000000000002,7.781000000000002),(22351,5,138,138,0,0.005,7.858000000000002,7.863000000000002),(22352,5,139,139,0,0.004,7.865000000000002,7.8690000000000015),(22353,5,140,140,0,0.1520000000000001,7.905000000000002,8.057000000000002),(22354,5,141,141,0,0.005,7.948000000000002,8.062000000000003),(22355,5,142,142,0,0.03200000000000002,7.970000000000002,8.094000000000003),(22356,5,143,143,0,0.03200000000000002,7.985000000000002,8.126000000000003),(22357,5,144,144,0,0.04200000000000003,8.100000000000001,8.168000000000003),(22358,5,145,145,0,0.05400000000000004,8.138000000000002,8.222000000000003),(22359,5,146,146,0,0.03800000000000003,8.150000000000002,8.260000000000003),(22360,5,147,147,0,0.058000000000000045,8.186000000000002,8.318000000000003),(22361,5,148,148,0,0.10400000000000008,8.196000000000002,8.422000000000002),(22362,5,149,149,0,0.017000000000000008,8.281000000000002,8.439000000000002),(22363,5,150,150,0,0.025000000000000015,8.333000000000002,8.464000000000002),(22364,5,151,151,0,0.04500000000000003,8.347000000000001,8.509000000000002),(22365,5,152,152,0,0.08900000000000007,8.353000000000002,8.598000000000003),(22366,5,153,153,0,0.015000000000000006,8.377,8.613000000000003),(22367,5,154,154,0,0.003,8.430000000000001,8.616000000000003),(22368,5,155,155,0,0.07500000000000005,8.435000000000002,8.691000000000003),(22369,5,156,156,0,0.028000000000000018,8.500000000000002,8.719000000000003),(22370,5,157,157,0,0.008,8.527000000000001,8.727000000000002),(22371,5,158,158,0,0.16300000000000012,8.596000000000002,8.890000000000002),(22372,5,159,159,0,0.006,8.774000000000003,8.896000000000003),(22373,5,160,160,0,0.10900000000000008,8.836000000000002,9.005000000000003),(22374,5,161,161,0,0.09600000000000007,8.919000000000002,9.101000000000003),(22375,5,162,162,0,0.005,8.980000000000002,9.106000000000003),(22376,5,163,163,0,0.004,9.143000000000002,9.147000000000002),(22377,5,164,164,0,0.03400000000000002,9.244000000000003,9.278000000000004),(22378,5,165,165,0,0.05500000000000004,9.248000000000003,9.333000000000004),(22379,5,166,166,0,0.009000000000000001,9.301000000000004,9.342000000000004),(22380,5,167,167,0,0.03100000000000002,9.337000000000003,9.373000000000005),(22381,5,168,168,0,0.007,9.467000000000004,9.474000000000004),(22382,5,169,169,0,0.005,9.473000000000004,9.479000000000005),(22383,5,170,170,0,0.01800000000000001,9.536000000000005,9.554000000000006),(22384,5,171,171,0,0.003,9.577000000000005,9.580000000000005),(22385,5,172,172,0,0.016000000000000007,9.604000000000005,9.620000000000005),(22386,5,173,173,0,0.03100000000000002,9.608000000000004,9.651000000000005),(22387,5,174,174,0,0.03000000000000002,9.638000000000003,9.681000000000004),(22388,5,175,175,0,0.060000000000000046,9.674000000000003,9.741000000000005),(22389,5,176,176,0,0.016000000000000007,9.713000000000003,9.757000000000005),(22390,5,177,177,0,0.08500000000000006,9.774000000000003,9.859000000000004),(22391,5,178,178,0,0.026000000000000016,9.849000000000002,9.885000000000003),(22392,5,179,179,0,0.013000000000000005,9.902000000000003,9.915000000000003),(22393,5,180,180,0,0.014000000000000005,9.924000000000003,9.938000000000002),(22394,5,181,181,0,0.16500000000000012,9.927000000000003,10.103000000000003),(22395,5,182,182,0,0.015000000000000006,9.970000000000002,10.118000000000004),(22396,5,183,183,0,0.03100000000000002,9.971000000000002,10.149000000000004),(22397,5,184,184,0,0.012000000000000004,10.072000000000003,10.161000000000005),(22398,5,185,185,0,0.006,10.109000000000004,10.167000000000005),(22399,5,186,186,0,0.05000000000000004,10.139000000000003,10.217000000000006),(22400,5,187,187,0,0.11900000000000009,10.202000000000004,10.336000000000006),(22401,5,188,188,0,0.002,10.220000000000004,10.338000000000006),(22402,5,189,189,0,0.03900000000000003,10.258000000000004,10.377000000000006),(22403,5,190,190,0,0.05400000000000004,10.289000000000005,10.431000000000006),(22404,5,191,191,0,0.006,10.432000000000006,10.438000000000006),(22405,5,192,192,0,0.028000000000000018,10.456000000000005,10.484000000000005),(22406,5,193,193,0,0.012000000000000004,10.465000000000005,10.496000000000006),(22407,5,194,194,0,0.036000000000000025,10.469000000000005,10.532000000000005),(22408,5,195,195,0,0.05300000000000004,10.471000000000005,10.585000000000006),(22409,5,196,196,0,0.07100000000000005,10.523000000000005,10.656000000000006),(22410,5,197,197,0,0.08900000000000007,10.597000000000005,10.745000000000006),(22411,5,198,198,0,0.02000000000000001,10.686000000000005,10.765000000000006),(22412,5,199,199,0,0.012000000000000004,10.767000000000005,10.779000000000005),(22413,5,200,200,0,0.008,10.810000000000004,10.818000000000003),(22414,5,201,201,0,0.10700000000000008,10.913000000000004,11.020000000000003),(22415,5,202,202,0,0.1400000000000001,10.995000000000005,11.160000000000004),(22416,5,203,203,0,0.002,11.005000000000004,11.162000000000004),(22417,5,204,204,0,0.03000000000000002,11.051000000000004,11.192000000000004),(22418,5,205,205,0,0.024000000000000014,11.053000000000004,11.216000000000003),(22419,5,206,206,0,0.06100000000000005,11.095000000000004,11.277000000000003),(22420,5,207,207,0,0.015000000000000006,11.108000000000004,11.292000000000003),(22421,5,208,208,0,0.017000000000000008,11.138000000000003,11.309000000000003),(22422,5,209,209,0,0.05400000000000004,11.157000000000004,11.363000000000003),(22423,5,210,210,0,0.01800000000000001,11.239000000000004,11.381000000000004),(22424,5,211,211,0,0.025000000000000015,11.326000000000004,11.406000000000004),(22425,5,212,212,0,0.013000000000000005,11.459000000000005,11.472000000000005),(22426,5,213,213,0,0.014000000000000005,11.491000000000005,11.505000000000004),(22427,5,214,214,0,0.009000000000000001,11.630000000000004,11.639000000000005),(22428,5,215,215,0,0.004,11.651000000000005,11.655000000000005),(22429,5,216,216,0,0.08400000000000006,11.684000000000005,11.768000000000004),(22430,5,217,217,0,0.012000000000000004,11.706000000000005,11.780000000000005),(22431,5,218,218,0,0.03200000000000002,11.810000000000004,11.842000000000004),(22432,5,219,219,0,0.004,11.881000000000004,11.885000000000003),(22433,5,220,220,0,0.05300000000000004,11.896000000000004,11.949000000000005),(22434,5,221,221,0,0.09900000000000007,11.962000000000005,12.061000000000005),(22435,5,222,222,0,0.04000000000000003,12.005000000000004,12.101000000000004),(22436,5,223,223,0,0.11200000000000009,12.041000000000004,12.213000000000005),(22437,5,224,224,0,0.028000000000000018,12.160000000000004,12.241000000000005),(22438,5,225,225,0,0.03300000000000002,12.202000000000004,12.274000000000004),(22439,5,226,226,0,0.046000000000000034,12.263000000000003,12.320000000000004),(22440,5,227,227,0,0.05500000000000004,12.335000000000003,12.390000000000002),(22441,5,228,228,0,0.017000000000000008,12.461000000000002,12.478000000000002),(22442,5,229,229,0,0.012000000000000004,12.497000000000002,12.509000000000002),(22443,5,230,230,0,0.02000000000000001,12.525000000000002,12.545000000000002),(22444,5,231,231,0,0.02100000000000001,12.551000000000002,12.572000000000003),(22445,5,232,232,0,0.008,12.732000000000003,12.740000000000002),(22446,5,233,233,0,0.035000000000000024,12.737000000000004,12.775000000000002),(22447,5,234,234,0,0.02100000000000001,12.783000000000003,12.804000000000004),(22448,5,235,235,0,0.013000000000000005,12.847000000000003,12.860000000000003),(22449,5,236,236,0,0.009000000000000001,12.852000000000004,12.869000000000003),(22450,5,237,237,0,0.005,12.870000000000005,12.875000000000005),(22451,5,238,238,0,0.001,12.912000000000004,12.913000000000004),(22452,5,239,239,0,0.005,12.961000000000004,12.966000000000005),(22453,5,240,240,0,0.058000000000000045,12.968000000000004,13.026000000000003),(22454,5,241,241,0,0.04000000000000003,12.972000000000003,13.066000000000003),(22455,5,242,242,0,0.060000000000000046,12.979000000000003,13.126000000000003),(22456,5,243,243,0,0.005,13.223000000000003,13.228000000000003),(22457,5,244,244,0,0.001,13.253000000000002,13.254000000000001),(22458,5,245,245,0,0.010000000000000002,13.266000000000002,13.276000000000002),(22459,5,246,246,0,0.011000000000000003,13.353000000000002,13.364),(22460,5,247,247,0,0.035000000000000024,13.394000000000002,13.429000000000002),(22461,5,248,248,0,0.001,13.426000000000002,13.430000000000001),(22462,5,249,249,0,0.05300000000000004,13.503000000000002,13.556000000000003),(22463,5,250,250,0,0.009000000000000001,13.513000000000002,13.565000000000003),(22464,5,251,251,0,0.027000000000000017,13.516000000000002,13.592000000000002),(22465,5,252,252,0,0.005,13.552000000000001,13.597000000000003),(22466,5,253,253,0,0.027000000000000017,13.615000000000002,13.642000000000001),(22467,5,254,254,0,0.025000000000000015,13.631000000000002,13.667000000000002),(22468,5,255,255,0,0.07200000000000005,13.780000000000003,13.852000000000002),(22469,5,256,256,0,0.015000000000000006,13.785000000000004,13.867000000000003),(22470,5,257,257,0,0.009000000000000001,13.795000000000003,13.876000000000003),(22471,5,258,258,0,0.007,13.814000000000004,13.883000000000003),(22472,5,259,259,0,0.06300000000000004,13.885000000000003,13.948000000000004),(22473,5,260,260,0,0.027000000000000017,13.968000000000004,13.995000000000003),(22474,5,261,261,0,0.059000000000000045,13.985000000000003,14.054000000000002),(22475,5,262,262,0,0.06200000000000005,13.999000000000002,14.116000000000001),(22476,5,263,263,0,0.008,14.021000000000003,14.124),(22477,5,264,264,0,0.011000000000000003,14.097000000000003,14.135),(22478,5,265,265,0,0.1320000000000001,14.129000000000003,14.267),(22479,5,266,266,0,0.06900000000000005,14.173000000000004,14.336),(22480,5,267,267,0,0.058000000000000045,14.178000000000004,14.394),(22481,5,268,268,0,0.012000000000000004,14.182000000000004,14.406),(22482,5,269,269,0,0.010000000000000002,14.268000000000004,14.416),(22483,5,270,270,0,0.02000000000000001,14.292000000000003,14.436),(22484,5,271,271,0,0.07300000000000005,14.336000000000004,14.509),(22485,5,272,272,0,0.024000000000000014,14.369000000000003,14.533),(22486,5,273,273,0,0.005,14.374000000000004,14.538),(22487,5,274,274,0,0.003,14.504000000000005,14.541),(22488,5,275,275,0,0.03800000000000003,14.569000000000004,14.607000000000005),(22489,5,276,276,0,0.08500000000000006,14.589000000000004,14.692000000000005),(22490,5,277,277,0,0.006,14.593000000000004,14.698000000000006),(22491,5,278,278,0,0.008,14.706000000000003,14.714000000000002),(22492,5,279,279,0,0.07200000000000005,14.793000000000003,14.865000000000002),(22493,5,280,280,0,0.014000000000000005,14.823000000000002,14.879000000000001),(22494,5,281,281,0,0.009000000000000001,14.957000000000003,14.966000000000003),(22495,5,282,282,0,0.03000000000000002,15.079000000000002,15.109000000000002),(22496,5,283,283,0,0.07700000000000005,15.092000000000002,15.186000000000002),(22497,5,284,284,0,0.02900000000000002,15.144000000000002,15.215000000000002),(22498,5,285,285,0,0.003,15.156000000000002,15.218000000000002),(22499,5,286,286,0,0.1450000000000001,15.158000000000003,15.363000000000001),(22500,5,287,287,0,0.015000000000000006,15.278000000000002,15.378000000000002),(22501,5,288,288,0,0.047000000000000035,15.360000000000003,15.425000000000002),(22502,5,289,289,0,0.036000000000000025,15.426000000000004,15.462000000000003),(22503,5,290,290,0,0.10700000000000008,15.475000000000003,15.582000000000003),(22504,5,291,291,0,0.007,15.516000000000004,15.589000000000002),(22505,5,292,292,0,0.19800000000000015,15.575000000000003,15.787000000000003),(22506,5,293,293,0,0.013000000000000005,15.631000000000002,15.800000000000002),(22507,5,294,294,0,0.007,15.651000000000002,15.807000000000002),(22508,5,295,295,0,0.06100000000000005,15.789000000000001,15.868000000000002),(22509,5,296,296,0,0.08700000000000006,15.807000000000002,15.955000000000002),(22510,5,297,297,0,0.09800000000000007,15.825000000000003,16.053),(22511,5,298,298,0,0.002,15.885000000000003,16.055),(22512,5,299,299,0,0.10300000000000008,15.886000000000003,16.158),(22513,5,300,300,0,0.004,15.928000000000003,16.162000000000003),(22514,5,301,301,0,0.058000000000000045,16.008000000000003,16.220000000000002),(22515,5,302,302,0,0.007,16.024,16.227000000000004),(22516,5,303,303,0,0.014000000000000005,16.049,16.241000000000003),(22517,5,304,304,0,0.002,16.055,16.243000000000002),(22518,5,305,305,0,0.09400000000000007,16.107,16.337000000000003),(22519,5,306,306,0,0.1570000000000001,16.262,16.494000000000003),(22520,5,307,307,0,0.013000000000000005,16.272000000000002,16.507000000000005),(22521,5,308,308,0,0.035000000000000024,16.304000000000002,16.542000000000005),(22522,5,309,309,0,0.09600000000000007,16.37,16.638000000000005),(22523,5,310,310,0,0.07000000000000005,16.407,16.708000000000006),(22524,5,311,311,0,0.04300000000000003,16.421,16.751000000000005),(22525,5,312,312,0,0.05600000000000004,16.424,16.807000000000006),(22526,5,313,313,0,0.002,16.438,16.809000000000005),(22527,5,314,314,0,0.01800000000000001,16.442,16.827000000000005),(22528,5,315,315,0,0.027000000000000017,16.45,16.854000000000006),(22529,5,316,316,0,0.007,16.46,16.861000000000008),(22530,5,317,317,0,0.12700000000000009,16.528000000000002,16.988000000000007),(22531,5,318,318,0,0.05100000000000004,16.573000000000004,17.039000000000005),(22532,5,319,319,0,0.002,16.663000000000004,17.041000000000004),(22533,5,320,320,0,0.026000000000000016,16.767000000000003,17.067000000000004),(22534,5,321,321,0,0.001,16.771000000000004,17.068000000000005),(22535,5,322,322,0,0.05000000000000004,16.788000000000004,17.118000000000006),(22536,5,323,323,0,0.014000000000000005,16.803000000000004,17.132000000000005),(22537,5,324,324,0,0.022000000000000013,16.830000000000005,17.154000000000003),(22538,5,325,325,0,0.006,16.995000000000005,17.160000000000004),(22539,5,326,326,0,0.07000000000000005,17.059000000000005,17.230000000000004),(22540,5,327,327,0,0.09900000000000007,17.089000000000006,17.329000000000004),(22541,5,328,328,0,0.03400000000000002,17.093000000000007,17.363000000000003),(22542,5,329,329,0,0.016000000000000007,17.108000000000008,17.379),(22543,5,330,330,0,0.05300000000000004,17.10900000000001,17.432000000000002),(22544,5,331,331,0,0.02000000000000001,17.11200000000001,17.452),(22545,5,332,332,0,0.05500000000000004,17.146000000000008,17.507),(22546,5,333,333,0,0.009000000000000001,17.151000000000007,17.516000000000002),(22547,5,334,334,0,0.007,17.184000000000008,17.523000000000003),(22548,5,335,335,0,0.06500000000000004,17.273000000000007,17.588000000000005),(22549,5,336,336,0,0.007,17.31200000000001,17.595000000000006),(22550,5,337,337,0,0.022000000000000013,17.32500000000001,17.617000000000004),(22551,5,338,338,0,0.18500000000000014,17.32600000000001,17.802000000000003),(22552,5,339,339,0,0.011000000000000003,17.347000000000012,17.813000000000002),(22553,5,340,340,0,0.006,17.600000000000012,17.819000000000003),(22554,5,341,341,0,0.028000000000000018,17.64600000000001,17.847),(22555,5,342,342,0,0.02100000000000001,17.655000000000012,17.868000000000002),(22556,5,343,343,0,0.07600000000000005,17.670000000000012,17.944000000000003),(22557,5,344,344,0,0.05400000000000004,17.680000000000014,17.998),(22558,5,345,345,0,0.004,17.756000000000014,18.002000000000002),(22559,5,346,346,0,0.010000000000000002,17.774000000000015,18.012000000000004),(22560,5,347,347,0,0.1300000000000001,17.793000000000013,18.142000000000003),(22561,5,348,348,0,0.05300000000000004,17.806000000000015,18.195000000000004),(22562,5,349,349,0,0.1420000000000001,17.858000000000015,18.337000000000003),(22563,5,350,350,0,0.035000000000000024,17.864000000000015,18.372000000000003),(22564,5,351,351,0,0.17400000000000013,17.923000000000016,18.546000000000003),(22565,5,352,352,0,0.016000000000000007,17.925000000000015,18.562),(22566,5,353,353,0,0.012000000000000004,17.978000000000016,18.574),(22567,5,354,354,0,0.03300000000000002,18.106000000000016,18.607000000000003),(22568,5,355,355,0,0.05200000000000004,18.125000000000014,18.659000000000002),(22569,5,356,356,0,0.004,18.181000000000015,18.663000000000004),(22570,5,357,357,0,0.022000000000000013,18.207000000000015,18.685000000000002),(22571,5,358,358,0,0.005,18.238000000000014,18.69),(22572,5,359,359,0,0.002,18.246000000000013,18.692),(22573,5,360,360,0,0.02000000000000001,18.305000000000014,18.712),(22574,5,361,361,0,0.010000000000000002,18.320000000000014,18.722),(22575,5,362,362,0,0.006,18.371000000000013,18.728),(22576,5,363,363,0,0.014000000000000005,18.423000000000012,18.742),(22577,5,364,364,0,0.06500000000000004,18.532000000000014,18.807000000000002),(22578,5,365,365,0,0.03900000000000003,18.605000000000015,18.846000000000004),(22579,5,366,366,0,0.06700000000000005,18.775000000000016,18.913000000000004),(22580,5,367,367,0,0.010000000000000002,18.812000000000015,18.923000000000005),(22581,5,368,368,0,0.003,18.813000000000017,18.926000000000005),(22582,5,369,369,0,0.002,18.892000000000017,18.928000000000004),(22583,5,370,370,0,0.026000000000000016,18.95100000000002,18.977000000000018),(22584,5,371,371,0,0.006,18.982000000000017,18.988000000000017),(22585,5,372,372,0,0.012000000000000004,19.005000000000017,19.017000000000017),(22586,5,373,373,0,0.026000000000000016,19.062000000000015,19.088000000000015),(22587,5,374,374,0,0.017000000000000008,19.266000000000016,19.283000000000015),(22588,5,375,375,0,0.013000000000000005,19.285000000000014,19.298000000000016),(22589,5,376,376,0,0.014000000000000005,19.311000000000014,19.325000000000014),(22590,5,377,377,0,0.024000000000000014,19.438000000000013,19.462000000000014),(22591,5,378,378,0,0.03200000000000002,19.468000000000014,19.500000000000014),(22592,5,379,379,0,0.058000000000000045,19.534000000000013,19.592000000000013),(22593,5,380,380,0,0.21300000000000016,19.55600000000001,19.805000000000014),(22594,5,381,381,0,0.013000000000000005,19.571000000000012,19.818000000000016),(22595,5,382,382,0,0.008,19.62300000000001,19.826000000000015),(22596,5,383,383,0,0.002,19.732000000000014,19.828000000000014),(22597,5,384,384,0,0.10400000000000008,19.744000000000014,19.932000000000013),(22598,5,385,385,0,0.11900000000000009,19.788000000000014,20.051000000000013),(22599,5,386,386,0,0.08000000000000006,19.829000000000015,20.13100000000001),(22600,5,387,387,0,0.006,19.898000000000014,20.13700000000001),(22601,5,388,388,0,0.08600000000000006,19.964000000000013,20.22300000000001),(22602,5,389,389,0,0.011000000000000003,20.043000000000013,20.23400000000001),(22603,5,390,390,0,0.03200000000000002,20.129000000000012,20.26600000000001),(22604,5,391,391,0,0.009000000000000001,20.174000000000014,20.27500000000001),(22605,5,392,392,0,0.1580000000000001,20.290000000000013,20.448000000000015),(22606,5,393,393,0,0.012000000000000004,20.363000000000014,20.460000000000015),(22607,5,394,394,0,0.03400000000000002,20.464000000000013,20.49800000000001),(22608,5,395,395,0,0.03400000000000002,20.513000000000012,20.54700000000001),(22609,5,396,396,0,0.12500000000000008,20.53800000000001,20.67200000000001),(22610,5,397,397,0,0.036000000000000025,20.54300000000001,20.708000000000013),(22611,5,398,398,0,0.01900000000000001,20.58200000000001,20.72700000000001),(22612,5,399,399,0,0.057000000000000044,20.61600000000001,20.78400000000001),(22613,5,400,400,0,0.012000000000000004,20.63400000000001,20.79600000000001),(22614,5,401,401,0,0.08900000000000007,20.655000000000012,20.88500000000001),(22615,5,402,402,0,0.022000000000000013,20.673000000000012,20.907000000000007),(22616,5,403,403,0,0.048000000000000036,20.772000000000013,20.955000000000005),(22617,5,404,404,0,0.009000000000000001,20.822000000000013,20.964000000000006),(22618,5,405,405,0,0.001,20.894000000000013,20.965000000000007),(22619,5,406,406,0,0.012000000000000004,20.965000000000014,20.977000000000015),(22620,5,407,407,0,0.011000000000000003,21.021000000000015,21.032000000000014),(22621,5,408,408,0,0.04500000000000003,21.086000000000016,21.131000000000018),(22622,5,409,409,0,0.03100000000000002,21.091000000000015,21.162000000000017),(22623,5,410,410,0,0.011000000000000003,21.114000000000015,21.173000000000016),(22624,5,411,411,0,0.028000000000000018,21.278000000000016,21.306000000000015),(22625,5,412,412,0,0.09000000000000007,21.339000000000016,21.429000000000016),(22626,5,413,413,0,0.046000000000000034,21.371000000000016,21.475000000000016),(22627,5,414,414,0,0.037000000000000026,21.453000000000017,21.512000000000015),(22628,5,415,415,0,0.027000000000000017,21.48900000000002,21.539000000000016),(22629,5,416,416,0,0.01900000000000001,21.491000000000017,21.558000000000014),(22630,5,417,417,0,0.07200000000000005,21.548000000000016,21.630000000000013),(22631,5,418,418,0,0.03300000000000002,21.556000000000015,21.663000000000014),(22632,5,419,419,0,0.03400000000000002,21.584000000000014,21.697000000000013),(22633,5,420,420,0,0.06900000000000005,21.605000000000015,21.766000000000012),(22634,5,421,421,0,0.005,21.622000000000014,21.77100000000001),(22635,5,422,422,0,0.04000000000000003,21.714000000000013,21.81100000000001),(22636,5,423,423,0,0.007,21.720000000000013,21.818000000000012),(22637,5,424,424,0,0.04500000000000003,21.855000000000015,21.900000000000016),(22638,5,425,425,0,0.02000000000000001,21.868000000000016,21.920000000000016),(22639,5,426,426,0,0.05000000000000004,21.916000000000015,21.970000000000017),(22640,5,427,427,0,0.05300000000000004,22.004000000000016,22.057000000000016),(22641,5,428,428,0,0.009000000000000001,22.181000000000015,22.190000000000015),(22642,5,429,429,0,0.07200000000000005,22.219000000000015,22.291000000000015),(22643,5,430,430,0,0.010000000000000002,22.226000000000017,22.301000000000016),(22644,5,431,431,0,0.03200000000000002,22.415000000000017,22.447000000000017),(22645,5,432,432,0,0.03300000000000002,22.510000000000016,22.543000000000017),(22646,5,433,433,0,0.002,22.562000000000015,22.564000000000014),(22647,5,434,434,0,0.006,22.569000000000017,22.575000000000017),(22648,5,435,435,0,0.07600000000000005,22.673000000000016,22.749000000000017),(22649,5,436,436,0,0.02900000000000002,22.674000000000017,22.778000000000016),(22650,5,437,437,0,0.23800000000000018,22.77400000000002,23.016000000000016),(22651,5,438,438,0,0.008,22.95700000000002,23.024000000000015),(22652,5,439,439,0,0.006,23.011000000000017,23.030000000000015),(22653,5,440,440,0,0.013000000000000005,23.045000000000016,23.058000000000018),(22654,5,441,441,0,0.02000000000000001,23.164000000000016,23.184000000000015),(22655,5,442,442,0,0.001,23.311000000000014,23.312000000000015),(22656,5,443,443,0,0.001,23.335000000000015,23.336000000000016),(22657,5,444,444,0,0.036000000000000025,23.357000000000014,23.393000000000015),(22658,5,445,445,0,0.007,23.387000000000015,23.400000000000016),(22659,5,446,446,0,0.048000000000000036,23.454000000000015,23.502000000000013),(22660,5,447,447,0,0.005,23.523000000000014,23.528000000000013),(22661,5,448,448,0,0.06900000000000005,23.577000000000012,23.64600000000001),(22662,5,449,449,0,0.027000000000000017,23.706000000000014,23.733000000000015),(22663,5,450,450,0,0.04000000000000003,23.731000000000012,23.773000000000014),(22664,5,451,451,0,0.014000000000000005,23.787000000000013,23.801000000000013),(22665,5,452,452,0,0.01800000000000001,23.89900000000001,23.917000000000012),(22666,5,453,453,0,0.08500000000000006,23.92700000000001,24.01200000000001),(22667,5,454,454,0,0.037000000000000026,23.93100000000001,24.04900000000001),(22668,5,455,455,0,0.01900000000000001,23.972000000000012,24.06800000000001),(22669,5,456,456,0,0.006,23.976000000000013,24.07400000000001),(22670,5,457,457,0,0.09300000000000007,24.049000000000014,24.16700000000001),(22671,5,458,458,0,0.046000000000000034,24.053000000000015,24.213000000000008),(22672,5,459,459,0,0.03900000000000003,24.056000000000015,24.25200000000001),(22673,5,460,460,0,0.012000000000000004,24.210000000000015,24.26400000000001),(22674,5,461,461,0,0.02000000000000001,24.221000000000014,24.28400000000001),(22675,5,462,462,0,0.03400000000000002,24.243000000000013,24.31800000000001),(22676,5,463,463,0,0.002,24.283000000000012,24.320000000000007),(22677,5,464,464,0,0.02100000000000001,24.29700000000001,24.341000000000008),(22678,5,465,465,0,0.028000000000000018,24.315000000000012,24.369000000000007),(22679,5,466,466,0,0.01800000000000001,24.42800000000001,24.446000000000012),(22680,5,467,467,0,0.05500000000000004,24.43100000000001,24.501000000000012),(22681,5,468,468,0,0.015000000000000006,24.49200000000001,24.516000000000012),(22682,5,469,469,0,0.026000000000000016,24.62000000000001,24.64600000000001),(22683,5,470,470,0,0.004,24.63400000000001,24.650000000000013),(22684,5,471,471,0,0.012000000000000004,24.804000000000013,24.816000000000013),(22685,5,472,472,0,0.028000000000000018,24.85500000000001,24.88300000000001),(22686,5,473,473,0,0.012000000000000004,24.89000000000001,24.90200000000001),(22687,5,474,474,0,0.026000000000000016,24.91500000000001,24.94100000000001),(22688,5,475,475,0,0.1330000000000001,24.97800000000001,25.111000000000008),(22689,5,476,476,0,0.012000000000000004,25.09200000000001,25.123000000000008),(22690,5,477,477,0,0.022000000000000013,25.14200000000001,25.16400000000001),(22691,5,478,478,0,0.008,25.15900000000001,25.172000000000008),(22692,5,479,479,0,0.009000000000000001,25.20500000000001,25.21400000000001),(22693,5,480,480,0,0.014000000000000005,25.26900000000001,25.28300000000001),(22694,5,481,481,0,0.007,25.27500000000001,25.29000000000001),(22695,5,482,482,0,0.05600000000000004,25.49000000000001,25.54600000000001),(22696,5,483,483,0,0.015000000000000006,25.49900000000001,25.56100000000001),(22697,5,484,484,0,0.013000000000000005,25.60000000000001,25.61300000000001),(22698,5,485,485,0,0.06600000000000004,25.63600000000001,25.70200000000001),(22699,5,486,486,0,0.03300000000000002,25.67700000000001,25.73500000000001),(22700,5,487,487,0,0.06200000000000005,25.70200000000001,25.79700000000001),(22701,5,488,488,0,0.05200000000000004,25.73700000000001,25.84900000000001),(22702,5,489,489,0,0.027000000000000017,25.74700000000001,25.876000000000012),(22703,5,490,490,0,0.04200000000000003,25.79100000000001,25.918000000000013),(22704,5,491,491,0,0.04500000000000003,25.80300000000001,25.963000000000015),(22705,5,492,492,0,0.003,25.816000000000013,25.966000000000015),(22706,5,493,493,0,0.001,25.842000000000013,25.967000000000017),(22707,5,494,494,0,0.02900000000000002,25.869000000000014,25.996000000000016),(22708,5,495,495,0,0.059000000000000045,25.892000000000014,26.055000000000017),(22709,5,496,496,0,0.010000000000000002,25.960000000000015,26.06500000000002),(22710,5,497,497,0,0.001,26.176000000000016,26.177000000000017),(22711,5,498,498,0,0.047000000000000035,26.213000000000015,26.260000000000016),(22712,5,499,499,0,0.02100000000000001,26.275000000000016,26.296000000000017),(22713,5,500,500,0,0.03000000000000002,26.382000000000016,26.412000000000017),(22714,5,501,501,0,0.023000000000000013,26.444000000000017,26.467000000000017),(22715,5,502,502,0,0.03200000000000002,26.54400000000002,26.57600000000002),(22716,5,503,503,0,0.001,26.564000000000018,26.57700000000002),(22717,5,504,504,0,0.01800000000000001,26.57100000000002,26.59500000000002),(22718,5,505,505,0,0.02100000000000001,26.57800000000002,26.61600000000002),(22719,5,506,506,0,0.015000000000000006,26.64800000000002,26.66300000000002),(22720,5,507,507,0,0.03800000000000003,26.765000000000022,26.803000000000022),(22721,5,508,508,0,0.016000000000000007,26.789000000000023,26.81900000000002),(22722,5,509,509,0,0.005,26.999000000000024,27.004000000000023),(22723,5,510,510,0,0.009000000000000001,27.029000000000025,27.038000000000025),(22724,5,511,511,0,0.006,27.116000000000025,27.122000000000025),(22725,5,512,512,0,0.06900000000000005,27.167000000000023,27.236000000000022),(22726,5,513,513,0,0.07700000000000005,27.225000000000023,27.313000000000024),(22727,5,514,514,0,0.014000000000000005,27.307000000000023,27.327000000000023),(22728,5,515,515,0,0.05200000000000004,27.308000000000025,27.379000000000023),(22729,5,516,516,0,0.04500000000000003,27.343000000000025,27.424000000000024),(22730,5,517,517,0,0.05200000000000004,27.349000000000025,27.476000000000024),(22731,5,518,518,0,0.08800000000000006,27.356000000000027,27.564000000000025),(22732,5,519,519,0,0.01800000000000001,27.443000000000026,27.582000000000026),(22733,5,520,520,0,0.07100000000000005,27.467000000000027,27.653000000000027),(22734,5,521,521,0,0.06800000000000005,27.47400000000003,27.72100000000003),(22735,5,522,522,0,0.03400000000000002,27.57000000000003,27.755000000000027),(22736,5,523,523,0,0.014000000000000005,27.63400000000003,27.769000000000027),(22737,5,524,524,0,0.047000000000000035,27.697000000000028,27.816000000000027),(22738,5,525,525,0,0.04300000000000003,27.748000000000026,27.859000000000027),(22739,5,526,526,0,0.004,27.750000000000025,27.863000000000028),(22740,5,527,527,0,0.03800000000000003,27.841000000000026,27.901000000000028),(22741,5,528,528,0,0.013000000000000005,27.859000000000027,27.91400000000003),(22742,5,529,529,0,0.03100000000000002,27.861000000000026,27.94500000000003),(22743,5,530,530,0,0.005,27.863000000000024,27.950000000000028),(22744,5,531,531,0,0.014000000000000005,27.907000000000025,27.964000000000027),(22745,5,532,532,0,0.06500000000000004,27.911000000000026,28.02900000000003),(22746,5,533,533,0,0.02900000000000002,27.913000000000025,28.05800000000003),(22747,5,534,534,0,0.08900000000000007,27.998000000000026,28.147000000000027),(22748,5,535,535,0,0.009000000000000001,28.020000000000024,28.156000000000027),(22749,5,536,536,0,0.059000000000000045,28.070000000000025,28.21500000000003),(22750,5,537,537,0,0.014000000000000005,28.287000000000024,28.301000000000023),(22751,5,538,538,0,0.03100000000000002,28.353000000000023,28.38400000000002),(22752,5,539,539,0,0.10800000000000008,28.357000000000024,28.492000000000022),(22753,5,540,540,0,0.002,28.379000000000023,28.49400000000002),(22754,5,541,541,0,0.07200000000000005,28.414000000000023,28.56600000000002),(22755,5,542,542,0,0.011000000000000003,28.417000000000023,28.57700000000002),(22756,5,543,543,0,0.002,28.425000000000022,28.57900000000002),(22757,5,544,544,0,0.11500000000000009,28.432000000000023,28.694000000000017),(22758,5,545,545,0,0.07900000000000006,28.433000000000025,28.773000000000017),(22759,5,546,546,0,0.024000000000000014,28.478000000000026,28.79700000000002),(22760,5,547,547,0,0.1540000000000001,28.483000000000025,28.95100000000002),(22761,5,548,548,0,0.01800000000000001,28.546000000000024,28.96900000000002),(22762,5,549,549,0,0.04500000000000003,28.641000000000023,29.01400000000002),(22763,5,550,550,0,0.06200000000000005,28.752000000000024,29.076000000000022),(22764,5,551,551,0,0.008,28.783000000000023,29.08400000000002),(22765,5,552,552,0,0.05000000000000004,28.793000000000024,29.13400000000002),(22766,5,553,553,0,0.007,28.839000000000024,29.141000000000023),(22767,5,554,554,0,0.012000000000000004,28.861000000000022,29.153000000000024),(22768,5,555,555,0,0.023000000000000013,28.87500000000002,29.176000000000023),(22769,5,556,556,0,0.023000000000000013,28.885000000000023,29.199000000000023),(22770,5,557,557,0,0.03300000000000002,28.930000000000025,29.232000000000024),(22771,5,558,558,0,0.03900000000000003,29.033000000000026,29.271000000000026),(22772,5,559,559,0,0.10600000000000008,29.057000000000027,29.377000000000027),(22773,5,560,560,0,0.04500000000000003,29.104000000000028,29.42200000000003),(22774,5,561,561,0,0.02900000000000002,29.112000000000027,29.45100000000003),(22775,5,562,562,0,0.05100000000000004,29.202000000000027,29.502000000000027),(22776,5,563,563,0,0.02000000000000001,29.300000000000026,29.522000000000027),(22777,5,564,564,0,0.009000000000000001,29.352000000000025,29.531000000000027),(22778,5,565,565,0,0.015000000000000006,29.361000000000026,29.546000000000028),(22779,5,566,566,0,0.011000000000000003,29.438000000000027,29.557000000000027),(22780,5,567,567,0,0.048000000000000036,29.513000000000027,29.605000000000025),(22781,5,568,568,0,0.03000000000000002,29.555000000000028,29.635000000000026),(22782,5,569,569,0,0.05400000000000004,29.575000000000028,29.689000000000025),(22783,5,570,570,0,0.013000000000000005,29.63700000000003,29.702000000000027),(22784,5,571,571,0,0.04500000000000003,29.72700000000003,29.77200000000003),(22785,5,572,572,0,0.002,29.741000000000028,29.77400000000003),(22786,5,573,573,0,0.07000000000000005,29.880000000000027,29.950000000000028),(22787,5,574,574,0,0.003,29.947000000000028,29.953000000000028),(22788,5,575,575,0,0.03800000000000003,30.00600000000003,30.04400000000003),(22789,5,576,576,0,0.007,30.185000000000027,30.19200000000003),(22790,5,577,577,0,0.014000000000000005,30.248000000000026,30.262000000000025),(22791,5,578,578,0,0.07900000000000006,30.322000000000028,30.401000000000028),(22792,5,579,579,0,0.017000000000000008,30.383000000000028,30.418000000000028),(22793,5,580,580,0,0.010000000000000002,30.401000000000028,30.42800000000003),(22794,5,581,581,0,0.046000000000000034,30.44200000000003,30.488000000000028),(22795,5,582,582,0,0.010000000000000002,30.62200000000003,30.63200000000003),(22796,5,583,583,0,0.035000000000000024,30.767000000000028,30.802000000000028),(22797,5,584,584,0,0.009000000000000001,30.783000000000026,30.81100000000003),(22798,5,585,585,0,0.014000000000000005,30.843000000000025,30.857000000000024),(22799,5,586,586,0,0.03000000000000002,30.978000000000026,31.008000000000028),(22800,5,587,587,0,0.04400000000000003,31.016000000000027,31.060000000000027),(22801,5,588,588,0,0.006,31.025000000000027,31.066000000000027),(22802,5,589,589,0,0.005,31.069000000000027,31.074000000000026),(22803,5,590,590,0,0.04500000000000003,31.074000000000026,31.119000000000028),(22804,5,591,591,0,0.007,31.108000000000025,31.12600000000003),(22805,5,592,592,0,0.04000000000000003,31.147000000000027,31.187000000000026),(22806,5,593,593,0,0.25400000000000017,31.181000000000026,31.441000000000027),(22807,5,594,594,0,0.002,31.190000000000026,31.443000000000026),(22808,5,595,595,0,0.017000000000000008,31.217000000000027,31.460000000000026),(22809,5,596,596,0,0.01900000000000001,31.271000000000026,31.479000000000024),(22810,5,597,597,0,0.06100000000000005,31.305000000000025,31.540000000000024),(22811,5,598,598,0,0.004,31.349000000000025,31.544000000000025),(22812,5,599,599,0,0.016000000000000007,31.415000000000024,31.560000000000024),(22813,5,600,600,0,0.016000000000000007,31.428000000000026,31.576000000000022),(22814,5,601,601,0,0.04200000000000003,31.500000000000025,31.618000000000023),(22815,5,602,602,0,0.03100000000000002,31.502000000000024,31.649000000000022),(22816,5,603,603,0,0.008,31.611000000000026,31.65700000000002),(22817,5,604,604,0,0.024000000000000014,31.612000000000027,31.681000000000022),(22818,5,605,605,0,0.03100000000000002,31.695000000000025,31.726000000000024),(22819,5,606,606,0,0.004,31.700000000000024,31.730000000000025),(22820,5,607,607,0,0.03000000000000002,31.761000000000024,31.791000000000025),(22821,5,608,608,0,0.11900000000000009,31.764000000000024,31.910000000000025),(22822,5,609,609,0,0.11300000000000009,31.781000000000024,32.023000000000025),(22823,5,610,610,0,0.007,31.824000000000023,32.03000000000002),(22824,5,611,611,0,0.11700000000000009,31.851000000000024,32.14700000000002),(22825,5,612,612,0,0.007,31.871000000000024,32.15400000000002),(22826,5,613,613,0,0.060000000000000046,31.906000000000024,32.21400000000002),(22827,5,614,614,0,0.11700000000000009,31.945000000000025,32.33100000000002),(22828,5,615,615,0,0.07900000000000006,31.949000000000026,32.41000000000002),(22829,5,616,616,0,0.007,32.01900000000003,32.417000000000016),(22830,5,617,617,0,0.08800000000000006,32.05400000000002,32.50500000000002),(22831,5,618,618,0,0.10400000000000008,32.135000000000026,32.609000000000016),(22832,5,619,619,0,0.008,32.184000000000026,32.61700000000002),(22833,5,620,620,0,0.05500000000000004,32.196000000000026,32.67200000000002),(22834,5,621,621,0,0.015000000000000006,32.20400000000003,32.68700000000002),(22835,5,622,622,0,0.04900000000000004,32.20900000000003,32.73600000000002),(22836,5,623,623,0,0.037000000000000026,32.217000000000034,32.77300000000002),(22837,5,624,624,0,0.09100000000000007,32.29500000000004,32.86400000000002),(22838,5,625,625,0,0.004,32.424000000000035,32.868000000000016),(22839,5,626,626,0,0.002,32.51000000000003,32.87000000000002),(22840,5,627,627,0,0.001,32.524000000000036,32.871000000000016),(22841,5,628,628,0,0.010000000000000002,32.62900000000003,32.881000000000014),(22842,5,629,629,0,0.09100000000000007,32.67000000000003,32.972000000000016),(22843,5,630,630,0,0.005,32.74700000000003,32.97700000000002),(22844,5,631,631,0,0.11000000000000008,32.77600000000003,33.08700000000002),(22845,5,632,632,0,0.003,32.793000000000035,33.09000000000002),(22846,5,633,633,0,0.05200000000000004,32.91700000000004,33.14200000000002),(22847,5,634,634,0,0.025000000000000015,32.95300000000004,33.167000000000016),(22848,5,635,635,0,0.06800000000000005,33.02300000000004,33.235000000000014),(22849,5,636,636,0,0.007,33.16400000000004,33.24200000000001),(22850,5,637,637,0,0.046000000000000034,33.21600000000004,33.28800000000001),(22851,5,638,638,0,0.09400000000000007,33.22400000000004,33.38200000000001),(22852,5,639,639,0,0.04000000000000003,33.25800000000004,33.42200000000001),(22853,5,640,640,0,0.06700000000000005,33.30600000000004,33.48900000000001),(22854,5,641,641,0,0.03000000000000002,33.31100000000004,33.51900000000001),(22855,5,642,642,0,0.1340000000000001,33.334000000000046,33.65300000000001),(22856,5,643,643,0,0.05200000000000004,33.341000000000044,33.70500000000001),(22857,5,644,644,0,0.001,33.43700000000004,33.70600000000001),(22858,5,645,645,0,0.016000000000000007,33.57900000000004,33.72200000000001),(22859,5,646,646,0,0.12700000000000009,33.581000000000046,33.84900000000001),(22860,5,647,647,0,0.06600000000000004,33.78700000000005,33.91500000000001),(22861,5,648,648,0,0.03900000000000003,33.825000000000045,33.954000000000015),(22862,5,649,649,0,0.058000000000000045,33.84500000000005,34.012000000000015),(22863,5,650,650,0,0.014000000000000005,33.895000000000046,34.02600000000002),(22864,5,651,651,0,0.009000000000000001,33.913000000000046,34.03500000000002),(22865,5,652,652,0,0.016000000000000007,33.941000000000045,34.051000000000016),(22866,5,653,653,0,0.01900000000000001,34.07400000000005,34.093000000000046),(22867,5,654,654,0,0.01900000000000001,34.12800000000005,34.14700000000005),(22868,5,655,655,0,0.04200000000000003,34.14600000000005,34.18900000000005),(22869,5,656,656,0,0.035000000000000024,34.22100000000005,34.25600000000005),(22870,5,657,657,0,0.09400000000000007,34.26100000000005,34.355000000000054),(22871,5,658,658,0,0.003,34.269000000000055,34.358000000000054),(22872,5,659,659,0,0.19500000000000015,34.28500000000005,34.553000000000054),(22873,5,660,660,0,0.008,34.291000000000054,34.56100000000006),(22874,5,661,661,0,0.03000000000000002,34.297000000000054,34.59100000000006),(22875,5,662,662,0,0.19000000000000014,34.34300000000005,34.781000000000056),(22876,5,663,663,0,0.059000000000000045,34.348000000000056,34.84000000000005),(22877,5,664,664,0,0.02100000000000001,34.379000000000055,34.861000000000054),(22878,5,665,665,0,0.037000000000000026,34.391000000000055,34.89800000000005),(22879,5,666,666,0,0.04200000000000003,34.41000000000005,34.940000000000055),(22880,5,667,667,0,0.02000000000000001,34.50200000000005,34.96000000000006),(22881,5,668,668,0,0.004,34.595000000000056,34.964000000000055),(22882,5,669,669,0,0.025000000000000015,34.63000000000005,34.989000000000054),(22883,5,670,670,0,0.006,34.632000000000055,34.995000000000054),(22884,5,671,671,0,0.05600000000000004,34.681000000000054,35.05100000000005),(22885,5,672,672,0,0.05300000000000004,34.75200000000005,35.10400000000005),(22886,5,673,673,0,0.002,34.778000000000056,35.10600000000005),(22887,5,674,674,0,0.007,34.793000000000056,35.11300000000005),(22888,5,675,675,0,0.08000000000000006,34.824000000000055,35.19300000000005),(22889,5,676,676,0,0.10100000000000008,34.90500000000006,35.29400000000005),(22890,5,677,677,0,0.03100000000000002,34.906000000000056,35.325000000000045),(22891,5,678,678,0,0.003,34.96800000000005,35.328000000000046),(22892,5,679,679,0,0.06900000000000005,35.03000000000005,35.39700000000005),(22893,5,680,680,0,0.1440000000000001,35.08300000000005,35.54100000000005),(22894,5,681,681,0,0.047000000000000035,35.096000000000046,35.588000000000044),(22895,5,682,682,0,0.09100000000000007,35.097000000000044,35.679000000000045),(22896,5,683,683,0,0.05200000000000004,35.15300000000004,35.731000000000044),(22897,5,684,684,0,0.11300000000000009,35.161000000000044,35.844000000000044),(22898,5,685,685,0,0.03900000000000003,35.24400000000004,35.883000000000045),(22899,5,686,686,0,0.11100000000000008,35.261000000000045,35.99400000000004),(22900,5,687,687,0,0.08300000000000006,35.32600000000004,36.07700000000004),(22901,5,688,688,0,0.007,35.39700000000004,36.08400000000004),(22902,5,689,689,0,0.023000000000000013,35.43000000000004,36.10700000000004),(22903,5,690,690,0,0.01900000000000001,35.44200000000004,36.12600000000004),(22904,5,691,691,0,0.07400000000000005,35.456000000000046,36.20000000000004),(22905,5,692,692,0,0.02100000000000001,35.517000000000046,36.22100000000004),(22906,5,693,693,0,0.046000000000000034,35.56400000000004,36.26700000000004),(22907,5,694,694,0,0.06900000000000005,35.776000000000046,36.33600000000004),(22908,5,695,695,0,0.009000000000000001,36.203000000000046,36.34500000000004),(22909,5,696,696,0,0.05000000000000004,36.240000000000045,36.39500000000004),(22910,5,697,697,0,0.008,36.39300000000004,36.40300000000004),(22911,5,698,698,0,0.08300000000000006,36.48500000000004,36.56800000000004),(22912,5,699,699,0,0.006,36.55300000000004,36.57400000000004),(22913,5,700,700,0,0.003,36.57500000000004,36.57800000000004),(22914,5,701,701,0,0.003,36.628000000000036,36.631000000000036),(22915,5,702,702,0,0.015000000000000006,36.76000000000003,36.775000000000034),(22916,5,703,703,0,0.04000000000000003,36.78300000000004,36.823000000000036),(22917,5,704,704,0,0.05200000000000004,36.799000000000035,36.875000000000036),(22918,5,705,705,0,0.013000000000000005,36.92600000000004,36.939000000000036),(22919,5,706,706,0,0.013000000000000005,37.055000000000035,37.06800000000003),(22920,5,707,707,0,0.013000000000000005,37.079000000000036,37.092000000000034),(22921,5,708,708,0,0.08300000000000006,37.089000000000034,37.17500000000003),(22922,5,709,709,0,0.015000000000000006,37.149000000000036,37.19000000000003),(22923,5,710,710,0,0.046000000000000034,37.171000000000035,37.23600000000003),(22924,5,711,711,0,0.006,37.29100000000003,37.29700000000003),(22925,5,712,712,0,0.009000000000000001,37.403000000000034,37.412000000000035),(22926,5,713,713,0,0.014000000000000005,37.45600000000003,37.470000000000034),(22927,5,714,714,0,0.046000000000000034,37.45900000000003,37.516000000000034),(22928,5,715,715,0,0.022000000000000013,37.470000000000034,37.53800000000003),(22929,5,716,716,0,0.008,37.61200000000004,37.62000000000004),(22930,5,717,717,0,0.02900000000000002,37.62700000000004,37.65600000000004),(22931,5,718,718,0,0.10400000000000008,37.68100000000004,37.78500000000004),(22932,5,719,719,0,0.04500000000000003,37.68800000000004,37.83000000000004),(22933,5,720,720,0,0.04300000000000003,37.704000000000036,37.87300000000004),(22934,5,721,721,0,0.08100000000000006,37.81500000000003,37.95400000000004),(22935,5,722,722,0,0.027000000000000017,37.836000000000034,37.981000000000044),(22936,5,723,723,0,0.008,37.83700000000003,37.98900000000005),(22937,5,724,724,0,0.09400000000000007,37.86500000000003,38.08300000000005),(22938,5,725,725,0,0.09100000000000007,37.99200000000003,38.17400000000005),(22939,5,726,726,0,0.03100000000000002,37.99600000000003,38.20500000000005),(22940,5,727,727,0,0.02100000000000001,38.14900000000003,38.22600000000005),(22941,5,728,728,0,0.11800000000000009,38.18000000000003,38.34400000000005),(22942,5,729,729,0,0.004,38.248000000000026,38.34800000000005),(22943,5,730,730,0,0.08600000000000006,38.258000000000024,38.43400000000005),(22944,5,731,731,0,0.014000000000000005,38.33300000000003,38.44800000000005),(22945,5,732,732,0,0.06100000000000005,38.37500000000003,38.50900000000005),(22946,5,733,733,0,0.014000000000000005,38.43000000000003,38.52300000000005),(22947,5,734,734,0,0.023000000000000013,38.44700000000003,38.546000000000056),(22948,5,735,735,0,0.004,38.47400000000003,38.550000000000054),(22949,5,736,736,0,0.057000000000000044,38.516000000000034,38.607000000000056),(22950,5,737,737,0,0.08800000000000006,38.540000000000035,38.69500000000006),(22951,5,738,738,0,0.012000000000000004,38.613000000000035,38.70700000000006),(22952,5,739,739,0,0.03000000000000002,38.61400000000003,38.73700000000006),(22953,5,740,740,0,0.022000000000000013,38.64800000000003,38.75900000000006),(22954,5,741,741,0,0.010000000000000002,38.66000000000003,38.769000000000055),(22955,5,742,742,0,0.008,38.67900000000003,38.77700000000006),(22956,5,743,743,0,0.011000000000000003,38.80800000000003,38.81900000000003),(22957,5,744,744,0,0.06500000000000004,38.85300000000003,38.91800000000003),(22958,5,745,745,0,0.014000000000000005,38.88300000000003,38.93200000000003),(22959,5,746,746,0,0.06500000000000004,38.90800000000003,38.99700000000003),(22960,5,747,747,0,0.04500000000000003,38.97800000000003,39.04200000000003),(22961,5,748,748,0,0.036000000000000025,39.09600000000003,39.13200000000003),(22962,5,749,749,0,0.003,39.24900000000003,39.25200000000003),(22963,5,750,750,0,0.005,39.29000000000003,39.29500000000003),(22964,5,751,751,0,0.007,39.318000000000026,39.325000000000024),(22965,5,752,752,0,0.014000000000000005,39.38100000000003,39.39500000000003),(22966,5,753,753,0,0.004,39.39700000000003,39.401000000000025),(22967,5,754,754,0,0.013000000000000005,39.48500000000003,39.498000000000026),(22968,5,755,755,0,0.001,39.48700000000003,39.499000000000024),(22969,5,756,756,0,0.06400000000000004,39.51700000000003,39.58100000000003),(22970,5,757,757,0,0.07600000000000005,39.531000000000034,39.65700000000003),(22971,5,758,758,0,0.037000000000000026,39.60000000000004,39.69400000000003),(22972,5,759,759,0,0.05000000000000004,39.707000000000036,39.75700000000003),(22973,5,760,760,0,0.003,39.909000000000034,39.912000000000035),(22974,5,761,761,0,0.046000000000000034,40.12400000000004,40.17000000000004),(22975,5,762,762,0,0.03800000000000003,40.16100000000004,40.208000000000034),(22976,5,763,763,0,0.002,40.235000000000035,40.23700000000004),(22977,5,764,764,0,0.002,40.354000000000035,40.35600000000004),(22978,5,765,765,0,0.05000000000000004,40.399000000000036,40.449000000000034),(22979,5,766,766,0,0.017000000000000008,40.41100000000004,40.46600000000004),(22980,5,767,767,0,0.02100000000000001,40.497000000000035,40.518000000000036),(22981,5,768,768,0,0.08900000000000007,40.500000000000036,40.607000000000035),(22982,5,769,769,0,0.024000000000000014,40.525000000000034,40.631000000000036),(22983,5,770,770,0,0.01800000000000001,40.537000000000035,40.649000000000036),(22984,5,771,771,0,0.10500000000000008,40.61400000000003,40.75400000000003),(22985,5,772,772,0,0.05200000000000004,40.641000000000034,40.80600000000003),(22986,5,773,773,0,0.06300000000000004,40.67500000000003,40.869000000000035),(22987,5,774,774,0,0.10100000000000008,40.74200000000003,40.970000000000034),(22988,5,775,775,0,0.060000000000000046,41.11100000000003,41.171000000000035),(22989,5,776,776,0,0.04000000000000003,41.17600000000003,41.21600000000003),(22990,5,777,777,0,0.08500000000000006,41.17900000000003,41.30100000000003),(22991,5,778,778,0,0.01800000000000001,41.19300000000003,41.31900000000003),(22992,5,779,779,0,0.005,41.201000000000036,41.324000000000034),(22993,5,780,780,0,0.060000000000000046,41.20600000000004,41.384000000000036),(22994,5,781,781,0,0.017000000000000008,41.26600000000004,41.40100000000004),(22995,5,782,782,0,0.03200000000000002,41.37000000000004,41.433000000000035),(22996,5,783,783,0,0.002,41.39200000000004,41.43500000000004),(22997,5,784,784,0,0.003,41.41300000000004,41.43800000000004),(22998,5,785,785,0,0.01800000000000001,41.55100000000004,41.56900000000004),(22999,5,786,786,0,0.03900000000000003,41.65400000000004,41.69300000000004),(23000,5,787,787,0,0.048000000000000036,41.65600000000004,41.74100000000004),(23001,5,788,788,0,0.007,41.713000000000044,41.74800000000004),(23002,5,789,789,0,0.01900000000000001,41.72600000000004,41.76700000000004),(23003,5,790,790,0,0.003,41.76600000000004,41.77000000000004),(23004,5,791,791,0,0.06200000000000005,41.83200000000004,41.89400000000004),(23005,5,792,792,0,0.03100000000000002,41.84200000000004,41.92500000000004),(23006,5,793,793,0,0.004,41.91800000000004,41.92900000000004),(23007,5,794,794,0,0.037000000000000026,42.109000000000044,42.14600000000004),(23008,5,795,795,0,0.016000000000000007,42.11600000000004,42.16200000000004),(23009,5,796,796,0,0.003,42.130000000000045,42.16500000000004),(23010,5,797,797,0,0.06200000000000005,42.163000000000046,42.22700000000004),(23011,5,798,798,0,0.03200000000000002,42.176000000000045,42.259000000000036),(23012,5,799,799,0,0.008,42.18700000000005,42.26700000000004),(23013,5,800,800,0,0.037000000000000026,42.228000000000044,42.30400000000004),(23014,5,801,801,0,0.06300000000000004,42.29100000000005,42.36700000000004),(23015,5,802,802,0,0.01900000000000001,42.307000000000045,42.38600000000004),(23016,5,803,803,0,0.06200000000000005,42.380000000000045,42.448000000000036),(23017,5,804,804,0,0.10600000000000008,42.44300000000005,42.55400000000004),(23018,5,805,805,0,0.009000000000000001,42.447000000000045,42.56300000000004),(23019,5,806,806,0,0.006,42.453000000000046,42.56900000000004),(23020,5,807,807,0,0.023000000000000013,42.539000000000044,42.59200000000004),(23021,5,808,808,0,0.005,42.554000000000045,42.597000000000044),(23022,5,809,809,0,0.03200000000000002,42.78700000000004,42.81900000000004),(23023,5,810,810,0,0.02000000000000001,42.90100000000004,42.92100000000004),(23024,5,811,811,0,0.005,42.95900000000004,42.96400000000004),(23025,5,812,812,0,0.010000000000000002,42.97200000000004,42.982000000000035),(23026,5,813,813,0,0.03200000000000002,43.006000000000036,43.03800000000003),(23027,5,814,814,0,0.012000000000000004,43.18100000000003,43.19300000000003),(23028,5,815,815,0,0.004,43.19700000000003,43.20100000000003),(23029,5,816,816,0,0.07100000000000005,43.214000000000034,43.28500000000003),(23030,5,817,817,0,0.03200000000000002,43.32200000000003,43.35400000000003),(23031,5,818,818,0,0.02100000000000001,43.41300000000003,43.43400000000003),(23032,5,819,819,0,0.059000000000000045,43.41700000000003,43.49300000000003),(23033,5,820,820,0,0.05300000000000004,43.43500000000003,43.54600000000003),(23034,5,821,821,0,0.03200000000000002,43.47200000000003,43.578000000000024),(23035,5,822,822,0,0.048000000000000036,43.55400000000003,43.626000000000026),(23036,5,823,823,0,0.01800000000000001,43.60200000000003,43.64400000000003),(23037,5,824,824,0,0.017000000000000008,43.63700000000003,43.66100000000003),(23038,5,825,825,0,0.014000000000000005,43.86600000000003,43.88000000000003),(23039,5,826,826,0,0.03300000000000002,43.92100000000003,43.95400000000003),(23040,5,827,827,0,0.014000000000000005,43.92700000000003,43.96800000000003),(23041,5,828,828,0,0.022000000000000013,43.93900000000003,43.99000000000003),(23042,5,829,829,0,0.017000000000000008,43.946000000000026,44.00700000000003),(23043,5,830,830,0,0.015000000000000006,43.95500000000003,44.022000000000034),(23044,5,831,831,0,0.001,43.965000000000025,44.02300000000003),(23045,5,832,832,0,0.02900000000000002,43.97500000000002,44.052000000000035),(23046,5,833,833,0,0.05500000000000004,44.01500000000002,44.107000000000035),(23047,5,834,834,0,0.008,44.05200000000002,44.11500000000004),(23048,5,835,835,0,0.007,44.069000000000024,44.122000000000035),(23049,5,836,836,0,0.03300000000000002,44.099000000000025,44.15500000000004),(23050,5,837,837,0,0.06900000000000005,44.10400000000003,44.22400000000004),(23051,5,838,838,0,0.03900000000000003,44.23400000000003,44.27300000000003),(23052,5,839,839,0,0.008,44.24900000000003,44.281000000000034),(23053,5,840,840,0,0.03400000000000002,44.30500000000003,44.33900000000003),(23054,5,841,841,0,0.10500000000000008,44.34700000000003,44.45200000000003),(23055,5,842,842,0,0.014000000000000005,44.36800000000003,44.46600000000003),(23056,5,843,843,0,0.07800000000000006,44.38000000000003,44.54400000000003),(23057,5,844,844,0,0.05500000000000004,44.464000000000034,44.59900000000003),(23058,5,845,845,0,0.08800000000000006,44.582000000000036,44.68700000000003),(23059,5,846,846,0,0.037000000000000026,44.59400000000004,44.72400000000003),(23060,5,847,847,0,0.04500000000000003,44.607000000000035,44.769000000000034),(23061,5,848,848,0,0.04200000000000003,44.61100000000003,44.811000000000035),(23062,5,849,849,0,0.008,44.67800000000003,44.81900000000004),(23063,5,850,850,0,0.017000000000000008,44.73900000000003,44.83600000000004),(23064,5,851,851,0,0.008,44.80000000000003,44.844000000000044),(23065,5,852,852,0,0.01800000000000001,44.84400000000003,44.862000000000045),(23066,5,853,853,0,0.010000000000000002,44.86800000000003,44.87800000000003),(23067,5,854,854,0,0.048000000000000036,44.86900000000003,44.92600000000003),(23068,5,855,855,0,0.003,44.879000000000026,44.92900000000003),(23069,5,856,856,0,0.058000000000000045,45.090000000000025,45.148000000000025),(23070,5,857,857,0,0.004,45.135000000000026,45.15200000000002),(23071,5,858,858,0,0.016000000000000007,45.260000000000026,45.276000000000025),(23072,5,859,859,0,0.048000000000000036,45.282000000000025,45.33000000000003),(23073,5,860,860,0,0.2410000000000002,45.401000000000025,45.642000000000024),(23074,5,861,861,0,0.017000000000000008,45.404000000000025,45.65900000000003),(23075,5,862,862,0,0.11800000000000009,45.425000000000026,45.77700000000003),(23076,5,863,863,0,0.09200000000000007,45.42900000000002,45.86900000000003),(23077,5,864,864,0,0.008,45.44200000000002,45.87700000000003),(23078,5,865,865,0,0.11600000000000009,45.45800000000002,45.99300000000003),(23079,5,866,866,0,0.011000000000000003,45.46100000000002,46.00400000000003),(23080,5,867,867,0,0.025000000000000015,45.52800000000002,46.02900000000003),(23081,5,868,868,0,0.024000000000000014,45.55200000000002,46.05300000000003),(23082,5,869,869,0,0.028000000000000018,45.60500000000002,46.08100000000003),(23083,5,870,870,0,0.002,45.69300000000002,46.083000000000034),(23084,5,871,871,0,0.06100000000000005,45.71900000000002,46.144000000000034),(23085,5,872,872,0,0.009000000000000001,45.83600000000002,46.153000000000034),(23086,5,873,873,0,0.001,45.92100000000002,46.15400000000003),(23087,5,874,874,0,0.007,45.92900000000002,46.16100000000003),(23088,5,875,875,0,0.026000000000000016,45.93600000000002,46.18700000000003),(23089,5,876,876,0,0.010000000000000002,45.95100000000002,46.19700000000003),(23090,5,877,877,0,0.003,46.02100000000002,46.20000000000003),(23091,5,878,878,0,0.024000000000000014,46.09200000000002,46.22400000000003),(23092,5,879,879,0,0.03000000000000002,46.11400000000002,46.25400000000003),(23093,5,880,880,0,0.007,46.12300000000002,46.26100000000003),(23094,5,881,881,0,0.001,46.12600000000002,46.26200000000003),(23095,5,882,882,0,0.028000000000000018,46.20700000000002,46.29000000000003),(23096,5,883,883,0,0.04500000000000003,46.24100000000002,46.33500000000003),(23097,5,884,884,0,0.005,46.38200000000002,46.38700000000002),(23098,5,885,885,0,0.024000000000000014,46.426000000000016,46.45000000000002),(23099,5,886,886,0,0.009000000000000001,46.45500000000002,46.46400000000002),(23100,5,887,887,0,0.028000000000000018,46.47000000000002,46.49800000000002),(23101,5,888,888,0,0.10800000000000008,46.52700000000002,46.63500000000002),(23102,5,889,889,0,0.03400000000000002,46.54300000000002,46.66900000000002),(23103,5,890,890,0,0.1510000000000001,46.64700000000002,46.82000000000002),(23104,5,891,891,0,0.06400000000000004,46.71200000000002,46.88400000000002),(23105,5,892,892,0,0.2640000000000002,46.77300000000002,47.148000000000025),(23106,5,893,893,0,0.07300000000000005,46.85200000000002,47.221000000000025),(23107,5,894,894,0,0.017000000000000008,46.85700000000002,47.23800000000003),(23108,5,895,895,0,0.035000000000000024,46.98500000000002,47.273000000000025),(23109,5,896,896,0,0.010000000000000002,47.02800000000002,47.28300000000002),(23110,5,897,897,0,0.16100000000000012,47.04400000000002,47.444000000000024),(23111,5,898,898,0,0.06700000000000005,47.176000000000016,47.511000000000024),(23112,5,899,899,0,0.06900000000000005,47.25200000000002,47.58000000000003),(23113,5,900,900,0,0.04500000000000003,47.30300000000002,47.62500000000003),(23114,5,901,901,0,0.05200000000000004,47.32300000000002,47.67700000000003),(23115,5,902,902,0,0.002,47.39000000000002,47.67900000000003),(23116,5,903,903,0,0.04100000000000003,47.47200000000002,47.72000000000003),(23117,5,904,904,0,0.04300000000000003,47.492000000000026,47.76300000000003),(23118,5,905,905,0,0.03800000000000003,47.566000000000024,47.80100000000002),(23119,5,906,906,0,0.03800000000000003,47.627000000000024,47.83900000000002),(23120,5,907,907,0,0.017000000000000008,47.85300000000002,47.870000000000026),(23121,5,908,908,0,0.010000000000000002,47.87800000000002,47.88800000000002),(23122,5,909,909,0,0.05600000000000004,47.99300000000002,48.04900000000002),(23123,5,910,910,0,0.010000000000000002,48.060000000000024,48.07000000000002),(23124,5,911,911,0,0.06300000000000004,48.07900000000002,48.142000000000024),(23125,5,912,912,0,0.017000000000000008,48.20700000000002,48.224000000000025),(23126,5,913,913,0,0.06600000000000004,48.313000000000024,48.379000000000026),(23127,5,914,914,0,0.06600000000000004,48.39400000000003,48.46000000000003),(23128,5,915,915,0,0.05300000000000004,48.459000000000024,48.51300000000003),(23129,5,916,916,0,0.006,48.47200000000002,48.51900000000003),(23130,5,917,917,0,0.05600000000000004,48.53600000000002,48.59200000000002),(23131,5,918,918,0,0.016000000000000007,48.54000000000002,48.60800000000002),(23132,5,919,919,0,0.06100000000000005,48.60900000000002,48.67000000000002),(23133,5,920,920,0,0.012000000000000004,48.633000000000024,48.68200000000002),(23134,5,921,921,0,0.026000000000000016,48.64600000000002,48.70800000000003),(23135,5,922,922,0,0.011000000000000003,48.660000000000025,48.71900000000003),(23136,5,923,923,0,0.014000000000000005,48.67900000000002,48.73300000000003),(23137,5,924,924,0,0.04000000000000003,48.70100000000002,48.77300000000003),(23138,5,925,925,0,0.011000000000000003,48.724000000000025,48.784000000000034),(23139,5,926,926,0,0.06500000000000004,48.748000000000026,48.84900000000003),(23140,5,927,927,0,0.011000000000000003,48.79000000000003,48.860000000000035),(23141,5,928,928,0,0.06300000000000004,48.79600000000003,48.92300000000004),(23142,5,929,929,0,0.06500000000000004,48.80500000000003,48.988000000000035),(23143,5,930,930,0,0.001,48.86800000000003,48.98900000000003),(23144,5,931,931,0,0.011000000000000003,48.91600000000003,49.000000000000036),(23145,5,932,932,0,0.09400000000000007,48.97100000000003,49.09400000000004),(23146,5,933,933,0,0.009000000000000001,48.97200000000003,49.10300000000004),(23147,5,934,934,0,0.003,48.99900000000003,49.10600000000004),(23148,5,935,935,0,0.04200000000000003,49.00000000000003,49.14800000000004),(23149,5,936,936,0,0.03300000000000002,49.00600000000003,49.18100000000004),(23150,5,937,937,0,0.006,49.10900000000003,49.18700000000004),(23151,5,938,938,0,0.11700000000000009,49.15100000000003,49.30400000000004),(23152,5,939,939,0,0.05500000000000004,49.15200000000003,49.35900000000004),(23153,5,940,940,0,0.010000000000000002,49.16500000000003,49.369000000000035),(23154,5,941,941,0,0.048000000000000036,49.19400000000003,49.41700000000004),(23155,5,942,942,0,0.016000000000000007,49.223000000000035,49.433000000000035),(23156,5,943,943,0,0.02000000000000001,49.24000000000004,49.45300000000004),(23157,5,944,944,0,0.03800000000000003,49.308000000000035,49.491000000000035),(23158,5,945,945,0,0.022000000000000013,49.34100000000004,49.513000000000034),(23159,5,946,946,0,0.08700000000000006,49.454000000000036,49.60000000000004),(23160,5,947,947,0,0.016000000000000007,49.48300000000004,49.616000000000035),(23161,5,948,948,0,0.023000000000000013,49.49800000000004,49.63900000000004),(23162,5,949,949,0,0.002,49.53400000000004,49.64100000000004),(23163,5,950,950,0,0.03000000000000002,49.58500000000004,49.67100000000004),(23164,5,951,951,0,0.1530000000000001,49.661000000000044,49.82400000000004),(23165,5,952,952,0,0.013000000000000005,49.70100000000004,49.83700000000004),(23166,5,953,953,0,0.016000000000000007,49.721000000000046,49.85300000000004),(23167,5,954,954,0,0.008,49.743000000000045,49.86100000000004),(23168,5,955,955,0,0.03400000000000002,49.807000000000045,49.89500000000004),(23169,5,956,956,0,0.06800000000000005,49.83000000000005,49.96300000000004),(23170,5,957,957,0,0.05500000000000004,50.099000000000046,50.154000000000046),(23171,5,958,958,0,0.005,50.16600000000005,50.17100000000005),(23172,5,959,959,0,0.02000000000000001,50.17700000000005,50.19700000000005),(23173,5,960,960,0,0.007,50.218000000000046,50.225000000000044),(23174,5,961,961,0,0.022000000000000013,50.22600000000005,50.24800000000005),(23175,5,962,962,0,0.009000000000000001,50.25000000000005,50.25900000000005),(23176,5,963,963,0,0.009000000000000001,50.30000000000005,50.30900000000005),(23177,5,964,964,0,0.07800000000000006,50.325000000000045,50.40300000000005),(23178,5,965,965,0,0.03400000000000002,50.459000000000046,50.493000000000045),(23179,5,966,966,0,0.007,50.472000000000044,50.50000000000004),(23180,5,967,967,0,0.02900000000000002,50.49100000000004,50.529000000000046),(23181,5,968,968,0,0.05300000000000004,50.58600000000004,50.63900000000004),(23182,5,969,969,0,0.01800000000000001,50.64900000000004,50.667000000000044),(23183,5,970,970,0,0.008,50.657000000000046,50.67500000000005),(23184,5,971,971,0,0.11100000000000008,50.663000000000046,50.786000000000044),(23185,5,972,972,0,0.001,50.81200000000005,50.813000000000045),(23186,5,973,973,0,0.03400000000000002,50.813000000000045,50.847000000000044),(23187,5,974,974,0,0.10100000000000008,50.981000000000044,51.08200000000004),(23188,5,975,975,0,0.03100000000000002,51.087000000000046,51.118000000000045),(23189,5,976,976,0,0.003,51.115000000000045,51.121000000000045),(23190,5,977,977,0,0.09700000000000007,51.142000000000046,51.23900000000005),(23191,5,978,978,0,0.007,51.16200000000005,51.246000000000045),(23192,5,979,979,0,0.008,51.206000000000046,51.25400000000005),(23193,5,980,980,0,0.010000000000000002,51.26000000000005,51.270000000000046),(23194,5,981,981,0,0.001,51.301000000000045,51.30200000000004),(23195,5,982,982,0,0.18900000000000014,51.307000000000045,51.496000000000045),(23196,5,983,983,0,0.002,51.310000000000045,51.49800000000005),(23197,5,984,984,0,0.06700000000000005,51.35400000000004,51.56500000000005),(23198,5,985,985,0,0.002,51.38100000000004,51.56700000000005),(23199,5,986,986,0,0.001,51.407000000000046,51.56800000000005),(23200,5,987,987,0,0.022000000000000013,51.46100000000005,51.590000000000046),(23201,5,988,988,0,0.003,51.51200000000005,51.593000000000046),(23202,5,989,989,0,0.007,51.52200000000005,51.600000000000044),(23203,5,990,990,0,0.046000000000000034,51.55800000000005,51.64600000000004),(23204,5,991,991,0,0.007,51.78000000000005,51.78700000000005),(23205,5,992,992,0,0.026000000000000016,51.81200000000005,51.83800000000005),(23206,5,993,993,0,0.04000000000000003,51.86700000000005,51.907000000000046),(23207,5,994,994,0,0.08800000000000006,51.88700000000005,51.99500000000005),(23208,5,995,995,0,0.03200000000000002,51.90100000000005,52.027000000000044),(23209,5,996,996,0,0.009000000000000001,51.95300000000005,52.036000000000044),(23210,5,997,997,0,0.04100000000000003,51.955000000000055,52.07700000000004),(23211,5,998,998,0,0.002,51.961000000000055,52.07900000000004),(23212,5,999,999,0,0.011000000000000003,52.02600000000005,52.090000000000046),(23213,5,1000,1000,0,0.17600000000000013,52.047000000000054,52.26600000000005),(23214,5,1001,1001,0,0.07100000000000005,52.04800000000005,52.337000000000046),(23215,5,1002,1002,0,0.05000000000000004,52.09300000000005,52.38700000000004),(23216,5,1003,1003,0,0.004,52.232000000000056,52.39100000000004),(23217,5,1004,1004,0,0.006,52.239000000000054,52.39700000000004),(23218,5,1005,1005,0,0.024000000000000014,52.27100000000005,52.42100000000004),(23219,5,1006,1006,0,0.05300000000000004,52.27200000000005,52.47400000000004),(23220,5,1007,1007,0,0.03400000000000002,52.31700000000005,52.50800000000004),(23221,5,1008,1008,0,0.06100000000000005,52.40500000000005,52.56900000000004),(23222,5,1009,1009,0,0.008,52.47600000000005,52.57700000000004),(23223,5,1010,1010,0,0.006,52.47800000000005,52.58300000000004),(23224,5,1011,1011,0,0.015000000000000006,52.51800000000005,52.59800000000004),(23225,5,1012,1012,0,0.005,52.64200000000005,52.647000000000055),(23226,5,1013,1013,0,0.001,52.656000000000056,52.65700000000005),(23227,5,1014,1014,0,0.015000000000000006,52.67000000000006,52.68500000000006),(23228,5,1015,1015,0,0.10000000000000007,52.708000000000055,52.80800000000006),(23229,5,1016,1016,0,0.008,52.72100000000005,52.81600000000006),(23230,5,1017,1017,0,0.05500000000000004,52.821000000000055,52.876000000000055),(23231,5,1018,1018,0,0.012000000000000004,52.824000000000055,52.888000000000055),(23232,5,1019,1019,0,0.037000000000000026,52.882000000000055,52.925000000000054),(23233,5,1020,1020,0,0.04300000000000003,52.900000000000055,52.96800000000005),(23234,5,1021,1021,0,0.046000000000000034,52.99000000000006,53.03600000000006),(23235,5,1022,1022,0,0.02100000000000001,53.00500000000006,53.05700000000006),(23236,5,1023,1023,0,0.035000000000000024,53.01100000000006,53.092000000000056),(23237,5,1024,1024,0,0.008,53.046000000000056,53.10000000000006),(23238,5,1025,1025,0,0.017000000000000008,53.06900000000006,53.11700000000006),(23239,5,1026,1026,0,0.03400000000000002,53.15600000000006,53.19000000000006),(23240,5,1027,1027,0,0.04300000000000003,53.399000000000065,53.442000000000064),(23241,5,1028,1028,0,0.025000000000000015,53.496000000000066,53.521000000000065),(23242,5,1029,1029,0,0.028000000000000018,53.530000000000065,53.558000000000064),(23243,5,1030,1030,0,0.03000000000000002,53.621000000000066,53.65100000000007),(23244,5,1031,1031,0,0.08500000000000006,53.643000000000065,53.73600000000007),(23245,5,1032,1032,0,0.001,53.70200000000006,53.737000000000066),(23246,5,1033,1033,0,0.008,53.783000000000065,53.79100000000007),(23247,5,1034,1034,0,0.007,54.00700000000006,54.01400000000006),(23248,5,1035,1035,0,0.060000000000000046,54.04000000000006,54.100000000000065),(23249,5,1036,1036,0,0.07700000000000005,54.054000000000066,54.17700000000006),(23250,5,1037,1037,0,0.02000000000000001,54.121000000000066,54.19700000000007),(23251,5,1038,1038,0,0.017000000000000008,54.247000000000064,54.26400000000007),(23252,5,1039,1039,0,0.001,54.26600000000006,54.26700000000006),(23253,5,1040,1040,0,0.11900000000000009,54.34500000000006,54.46400000000006),(23254,5,1041,1041,0,0.04000000000000003,54.40700000000006,54.50400000000006),(23255,5,1042,1042,0,0.003,54.47500000000006,54.50700000000006),(23256,5,1043,1043,0,0.04500000000000003,54.59100000000006,54.63600000000006),(23257,5,1044,1044,0,0.08900000000000007,54.641000000000055,54.730000000000054),(23258,5,1045,1045,0,0.06700000000000005,54.793000000000056,54.860000000000056),(23259,5,1046,1046,0,0.04300000000000003,54.82500000000005,54.903000000000056),(23260,5,1047,1047,0,0.002,54.839000000000055,54.90500000000006),(23261,5,1048,1048,0,0.04900000000000004,54.85600000000006,54.95400000000006),(23262,5,1049,1049,0,0.003,54.89000000000006,54.95700000000006),(23263,5,1050,1050,0,0.011000000000000003,54.900000000000055,54.96800000000006),(23264,5,1051,1051,0,0.20300000000000015,54.918000000000056,55.17100000000006),(23265,5,1052,1052,0,0.02000000000000001,55.00800000000006,55.19100000000007),(23266,5,1053,1053,0,0.024000000000000014,55.12800000000006,55.21500000000007),(23267,5,1054,1054,0,0.006,55.16100000000006,55.22100000000007),(23268,5,1055,1055,0,0.027000000000000017,55.26500000000006,55.29200000000006),(23269,5,1056,1056,0,0.001,55.40100000000006,55.40200000000006),(23270,5,1057,1057,0,0.06200000000000005,55.41100000000006,55.473000000000056),(23271,5,1058,1058,0,0.1450000000000001,55.452000000000055,55.61800000000006),(23272,5,1059,1059,0,0.036000000000000025,55.59700000000006,55.65400000000006),(23273,5,1060,1060,0,0.024000000000000014,55.76700000000006,55.79100000000006),(23274,5,1061,1061,0,0.006,55.80000000000006,55.80600000000006),(23275,5,1062,1062,0,0.007,55.84400000000006,55.851000000000056),(23276,5,1063,1063,0,0.03000000000000002,55.91600000000006,55.94600000000006),(23277,5,1064,1064,0,0.03300000000000002,55.96900000000006,56.00200000000006),(23278,5,1065,1065,0,0.06600000000000004,56.095000000000056,56.16100000000006),(23279,5,1066,1066,0,0.007,56.16700000000006,56.174000000000056),(23280,5,1067,1067,0,0.05500000000000004,56.20900000000006,56.26400000000006),(23281,5,1068,1068,0,0.014000000000000005,56.23100000000006,56.27800000000006),(23282,5,1069,1069,0,0.015000000000000006,56.36700000000006,56.38200000000006),(23283,5,1070,1070,0,0.027000000000000017,56.37000000000006,56.40900000000006),(23284,5,1071,1071,0,0.07200000000000005,56.37700000000006,56.481000000000066),(23285,5,1072,1072,0,0.027000000000000017,56.39200000000006,56.50800000000007),(23286,5,1073,1073,0,0.016000000000000007,56.41000000000006,56.524000000000065),(23287,5,1074,1074,0,0.046000000000000034,56.41400000000006,56.570000000000064),(23288,5,1075,1075,0,0.009000000000000001,56.43500000000006,56.579000000000065),(23289,5,1076,1076,0,0.024000000000000014,56.44200000000006,56.603000000000065),(23290,5,1077,1077,0,0.07100000000000005,56.476000000000056,56.67400000000006),(23291,5,1078,1078,0,0.08100000000000006,56.48100000000006,56.75500000000007),(23292,5,1079,1079,0,0.05600000000000004,56.52100000000006,56.811000000000064),(23293,5,1080,1080,0,0.06400000000000004,56.56400000000006,56.875000000000064),(23294,5,1081,1081,0,0.003,56.607000000000056,56.878000000000064),(23295,5,1082,1082,0,0.03800000000000003,56.71600000000006,56.91600000000006),(23296,5,1083,1083,0,0.059000000000000045,56.72500000000006,56.97500000000006),(23297,5,1084,1084,0,0.001,56.75500000000006,56.976000000000056),(23298,5,1085,1085,0,0.05300000000000004,56.75800000000006,57.02900000000005),(23299,5,1086,1086,0,0.10400000000000008,56.79400000000006,57.13300000000005),(23300,5,1087,1087,0,0.011000000000000003,56.80700000000006,57.144000000000055),(23301,5,1088,1088,0,0.12700000000000009,56.83800000000006,57.27100000000006),(23302,5,1089,1089,0,0.016000000000000007,56.90100000000006,57.287000000000056),(23303,5,1090,1090,0,0.02000000000000001,56.93200000000006,57.30700000000006),(23304,5,1091,1091,0,0.07400000000000005,56.94700000000006,57.38100000000006),(23305,5,1092,1092,0,0.04400000000000003,56.99400000000006,57.425000000000054),(23306,5,1093,1093,0,0.010000000000000002,57.01400000000006,57.43500000000005),(23307,5,1094,1094,0,0.09300000000000007,57.05800000000006,57.528000000000056),(23308,5,1095,1095,0,0.03400000000000002,57.159000000000056,57.562000000000054),(23309,5,1096,1096,0,0.005,57.17000000000006,57.56700000000006),(23310,5,1097,1097,0,0.002,57.232000000000056,57.56900000000006),(23311,5,1098,1098,0,0.07100000000000005,57.251000000000055,57.64000000000006),(23312,5,1099,1099,0,0.04000000000000003,57.348000000000056,57.68000000000006),(23313,5,1100,1100,0,0.035000000000000024,57.35900000000006,57.71500000000005),(23314,5,1101,1101,0,0.003,57.42500000000006,57.71800000000005),(23315,5,1102,1102,0,0.08000000000000006,57.445000000000064,57.79800000000005),(23316,5,1103,1103,0,0.006,57.47900000000006,57.80400000000005),(23317,5,1104,1104,0,0.036000000000000025,57.52900000000006,57.84000000000005),(23318,5,1105,1105,0,0.005,57.558000000000064,57.845000000000056),(23319,5,1106,1106,0,0.025000000000000015,57.560000000000066,57.870000000000054),(23320,5,1107,1107,0,0.07200000000000005,57.688000000000066,57.94200000000006),(23321,5,1108,1108,0,0.09700000000000007,57.698000000000064,58.03900000000006),(23322,5,1109,1109,0,0.028000000000000018,57.765000000000065,58.06700000000006),(23323,5,1110,1110,0,0.1370000000000001,57.80600000000006,58.20400000000006),(23324,5,1111,1111,0,0.017000000000000008,57.832000000000065,58.22100000000006),(23325,5,1112,1112,0,0.05000000000000004,57.84200000000006,58.27100000000006),(23326,5,1113,1113,0,0.006,57.85800000000006,58.27700000000006),(23327,5,1114,1114,0,0.01800000000000001,57.95700000000006,58.29500000000006),(23328,5,1115,1115,0,0.006,58.02300000000006,58.30100000000006),(23329,5,1116,1116,0,0.012000000000000004,58.07700000000006,58.31300000000006),(23330,5,1117,1117,0,0.06400000000000004,58.12300000000006,58.37700000000006),(23331,5,1118,1118,0,0.015000000000000006,58.19700000000006,58.39200000000006),(23332,5,1119,1119,0,0.001,58.22200000000006,58.39300000000006),(23333,5,1120,1120,0,0.001,58.232000000000056,58.394000000000055),(23334,5,1121,1121,0,0.008,58.23400000000006,58.40200000000006),(23335,5,1122,1122,0,0.04000000000000003,58.33400000000006,58.44200000000006),(23336,5,1123,1123,0,0.005,58.33500000000006,58.44700000000006),(23337,5,1124,1124,0,0.008,58.37200000000006,58.45500000000006),(23338,5,1125,1125,0,0.005,58.440000000000055,58.460000000000065),(23339,5,1126,1126,0,0.03000000000000002,58.452000000000055,58.490000000000066),(23340,5,1127,1127,0,0.009000000000000001,58.556000000000054,58.565000000000055),(23341,5,1128,1128,0,0.005,58.57600000000006,58.58100000000006),(23342,5,1129,1129,0,0.001,58.839000000000055,58.84000000000005),(23343,5,1130,1130,0,0.012000000000000004,58.988000000000056,59.00000000000006),(23344,5,1131,1131,0,0.011000000000000003,58.99000000000006,59.01100000000006),(23345,5,1132,1132,0,0.04900000000000004,59.01100000000006,59.06000000000006),(23346,5,1133,1133,0,0.06500000000000004,59.28500000000006,59.35000000000006),(23347,5,1134,1134,0,0.1350000000000001,59.47100000000006,59.60600000000006),(23348,5,1135,1135,0,0.057000000000000044,59.50100000000006,59.66300000000006),(23349,5,1136,1136,0,0.004,59.53700000000006,59.66700000000006),(23350,5,1137,1137,0,0.006,59.54900000000006,59.67300000000006),(23351,5,1138,1138,0,0.046000000000000034,59.64700000000006,59.71900000000006),(23352,5,1139,1139,0,0.014000000000000005,59.692000000000064,59.73300000000006),(23353,5,1140,1140,0,0.001,59.70200000000006,59.73400000000006),(23354,5,1141,1141,0,0.001,59.75200000000006,59.75300000000006),(23355,5,1142,1142,0,0.09900000000000007,59.76400000000006,59.863000000000056),(23356,5,1143,1143,0,0.004,59.76800000000006,59.867000000000054),(23357,5,1144,1144,0,0.003,59.86500000000006,59.870000000000054),(23358,5,1145,1145,0,0.04300000000000003,59.87200000000006,59.915000000000056),(23359,5,1146,1146,0,0.06100000000000005,59.964000000000055,60.025000000000055),(23360,5,1147,1147,0,0.06100000000000005,60.21200000000005,60.27300000000005),(23361,5,1148,1148,0,0.009000000000000001,60.22400000000005,60.28200000000005),(23362,5,1149,1149,0,0.07800000000000006,60.34400000000005,60.422000000000054),(23363,5,1150,1150,0,0.06200000000000005,60.35300000000005,60.48400000000005),(23364,5,1151,1151,0,0.008,60.46100000000005,60.492000000000054),(23365,5,1152,1152,0,0.012000000000000004,60.55800000000005,60.57000000000005),(23366,5,1153,1153,0,0.04500000000000003,60.58200000000005,60.62700000000005),(23367,5,1154,1154,0,0.059000000000000045,60.66500000000005,60.724000000000046),(23368,5,1155,1155,0,0.01800000000000001,60.69200000000005,60.74200000000005),(23369,5,1156,1156,0,0.03100000000000002,60.70700000000005,60.773000000000046),(23370,5,1157,1157,0,0.013000000000000005,60.73500000000005,60.786000000000044),(23371,5,1158,1158,0,0.057000000000000044,60.74400000000005,60.843000000000046),(23372,5,1159,1159,0,0.004,60.785000000000046,60.847000000000044),(23373,5,1160,1160,0,0.01900000000000001,60.79900000000005,60.86600000000004),(23374,5,1161,1161,0,0.01800000000000001,60.81700000000005,60.88400000000004),(23375,5,1162,1162,0,0.009000000000000001,60.82000000000005,60.89300000000004),(23376,5,1163,1163,0,0.06400000000000004,60.82800000000005,60.95700000000004),(23377,5,1164,1164,0,0.008,60.88600000000005,60.965000000000046),(23378,5,1165,1165,0,0.04100000000000003,60.93800000000005,61.00600000000004),(23379,5,1166,1166,0,0.013000000000000005,61.00500000000005,61.01900000000004),(23380,5,1167,1167,0,0.03400000000000002,61.02000000000005,61.05400000000005),(23381,5,1168,1168,0,0.007,61.059000000000054,61.06600000000005),(23382,5,1169,1169,0,0.05200000000000004,61.08500000000006,61.13700000000006),(23383,5,1170,1170,0,0.013000000000000005,61.17000000000006,61.18300000000006),(23384,5,1171,1171,0,0.026000000000000016,61.26300000000006,61.289000000000065),(23385,5,1172,1172,0,0.057000000000000044,61.28200000000006,61.34600000000007),(23386,5,1173,1173,0,0.005,61.30300000000006,61.35100000000007),(23387,5,1174,1174,0,0.04100000000000003,61.305000000000064,61.39200000000007),(23388,5,1175,1175,0,0.03300000000000002,61.463000000000065,61.496000000000066),(23389,5,1176,1176,0,0.014000000000000005,61.53400000000006,61.548000000000066),(23390,5,1177,1177,0,0.012000000000000004,61.76100000000006,61.77300000000006),(23391,5,1178,1178,0,0.005,61.78900000000006,61.79400000000006),(23392,5,1179,1179,0,0.013000000000000005,61.827000000000055,61.84000000000005),(23393,5,1180,1180,0,0.037000000000000026,61.83400000000005,61.87700000000005),(23394,5,1181,1181,0,0.016000000000000007,61.90500000000005,61.92100000000005),(23395,5,1182,1182,0,0.05100000000000004,61.977000000000054,62.028000000000056),(23396,5,1183,1183,0,0.003,62.037000000000056,62.040000000000056),(23397,5,1184,1184,0,0.015000000000000006,62.074000000000055,62.089000000000055),(23398,5,1185,1185,0,0.03900000000000003,62.107000000000056,62.14600000000006),(23399,5,1186,1186,0,0.023000000000000013,62.16000000000005,62.18300000000006),(23400,5,1187,1187,0,0.015000000000000006,62.162000000000056,62.19800000000006),(23401,5,1188,1188,0,0.014000000000000005,62.165000000000056,62.21200000000006),(23402,5,1189,1189,0,0.04200000000000003,62.257000000000055,62.299000000000056),(23403,5,1190,1190,0,0.001,62.26100000000005,62.300000000000054),(23404,5,1191,1191,0,0.025000000000000015,62.339000000000055,62.364000000000054),(23405,5,1192,1192,0,0.003,62.379000000000055,62.382000000000055),(23406,5,1193,1193,0,0.09200000000000007,62.39500000000005,62.48700000000005),(23407,5,1194,1194,0,0.005,62.42600000000005,62.492000000000054),(23408,5,1195,1195,0,0.08200000000000006,62.45000000000005,62.574000000000055),(23409,5,1196,1196,0,0.008,62.464000000000055,62.58200000000006),(23410,5,1197,1197,0,0.022000000000000013,62.53800000000005,62.604000000000056),(23411,5,1198,1198,0,0.04900000000000004,62.54200000000005,62.653000000000056),(23412,5,1199,1199,0,0.037000000000000026,62.556000000000054,62.690000000000055),(23413,5,1200,1200,0,0.026000000000000016,62.59100000000005,62.71600000000006),(23414,5,1201,1201,0,0.017000000000000008,62.60600000000005,62.73300000000006),(23415,5,1202,1202,0,0.023000000000000013,62.64500000000005,62.756000000000064),(23416,5,1203,1203,0,0.04400000000000003,62.720000000000056,62.80000000000006),(23417,5,1204,1204,0,0.027000000000000017,62.73100000000006,62.82700000000006),(23418,5,1205,1205,0,0.023000000000000013,62.784000000000056,62.850000000000065),(23419,5,1206,1206,0,0.011000000000000003,62.909000000000056,62.92000000000006),(23420,5,1207,1207,0,0.026000000000000016,62.99900000000006,63.02500000000006),(23421,5,1208,1208,0,0.03100000000000002,63.02400000000006,63.05600000000006),(23422,5,1209,1209,0,0.06600000000000004,63.02700000000006,63.122000000000064),(23423,5,1210,1210,0,0.09500000000000007,63.03500000000006,63.21700000000006),(23424,5,1211,1211,0,0.003,63.11300000000006,63.22000000000006),(23425,5,1212,1212,0,0.04900000000000004,63.119000000000064,63.26900000000006),(23426,5,1213,1213,0,0.014000000000000005,63.127000000000066,63.283000000000065),(23427,5,1214,1214,0,0.015000000000000006,63.21100000000007,63.298000000000066),(23428,5,1215,1215,0,0.07000000000000005,63.27400000000007,63.368000000000066),(23429,5,1216,1216,0,0.11600000000000009,63.28100000000007,63.484000000000066),(23430,5,1217,1217,0,0.09100000000000007,63.38400000000007,63.57500000000007),(23431,5,1218,1218,0,0.012000000000000004,63.50400000000007,63.58700000000007),(23432,5,1219,1219,0,0.06300000000000004,63.542000000000066,63.65000000000007),(23433,5,1220,1220,0,0.012000000000000004,63.548000000000066,63.66200000000007),(23434,5,1221,1221,0,0.03800000000000003,63.567000000000064,63.70000000000007),(23435,5,1222,1222,0,0.006,63.576000000000064,63.70600000000007),(23436,5,1223,1223,0,0.02000000000000001,63.59200000000006,63.72600000000007),(23437,5,1224,1224,0,0.002,63.743000000000066,63.74500000000007),(23438,5,1225,1225,0,0.024000000000000014,63.777000000000065,63.801000000000066),(23439,5,1226,1226,0,0.02900000000000002,63.786000000000065,63.83000000000007),(23440,5,1227,1227,0,0.001,63.881000000000064,63.88200000000006),(23441,5,1228,1228,0,0.10800000000000008,63.88500000000006,63.99300000000006),(23442,5,1229,1229,0,0.08300000000000006,63.887000000000064,64.07600000000006),(23443,5,1230,1230,0,0.017000000000000008,63.957000000000065,64.09300000000006),(23444,5,1231,1231,0,0.048000000000000036,64.03200000000007,64.14100000000006),(23445,5,1232,1232,0,0.02100000000000001,64.11400000000006,64.16200000000006),(23446,5,1233,1233,0,0.05400000000000004,64.14800000000007,64.21600000000007),(23447,5,1234,1234,0,0.09000000000000007,64.18100000000007,64.30600000000007),(23448,5,1235,1235,0,0.03800000000000003,64.19600000000007,64.34400000000007),(23449,5,1236,1236,0,0.07000000000000005,64.24900000000007,64.41400000000006),(23450,5,1237,1237,0,0.07300000000000005,64.31500000000007,64.48700000000005),(23451,5,1238,1238,0,0.02100000000000001,64.46400000000007,64.50800000000005),(23452,5,1239,1239,0,0.015000000000000006,64.47100000000007,64.52300000000005),(23453,5,1240,1240,0,0.05200000000000004,64.56200000000007,64.61400000000008),(23454,5,1241,1241,0,0.02000000000000001,64.57300000000006,64.63400000000007),(23455,5,1242,1242,0,0.010000000000000002,64.62600000000006,64.64400000000008),(23456,5,1243,1243,0,0.004,64.68200000000006,64.68600000000006),(23457,5,1244,1244,0,0.008,64.69200000000006,64.70000000000006),(23458,5,1245,1245,0,0.010000000000000002,64.70900000000006,64.71900000000007),(23459,5,1246,1246,0,0.08200000000000006,64.80900000000005,64.89100000000005),(23460,5,1247,1247,0,0.047000000000000035,64.83800000000005,64.93800000000005),(23461,5,1248,1248,0,0.11100000000000008,64.89200000000005,65.04900000000005),(23462,5,1249,1249,0,0.01800000000000001,64.93500000000006,65.06700000000005),(23463,5,1250,1250,0,0.03300000000000002,64.95900000000006,65.10000000000005),(23464,5,1251,1251,0,0.07300000000000005,64.98400000000007,65.17300000000004),(23465,5,1252,1252,0,0.026000000000000016,65.08500000000006,65.19900000000004),(23466,5,1253,1253,0,0.09800000000000007,65.10400000000007,65.29700000000004),(23467,5,1254,1254,0,0.04200000000000003,65.12000000000008,65.33900000000004),(23468,5,1255,1255,0,0.005,65.16300000000008,65.34400000000004),(23469,5,1256,1256,0,0.057000000000000044,65.16500000000008,65.40100000000004),(23470,5,1257,1257,0,0.006,65.18500000000007,65.40700000000004),(23471,5,1258,1258,0,0.023000000000000013,65.19600000000007,65.43000000000004),(23472,5,1259,1259,0,0.001,65.31600000000007,65.43100000000004),(23473,5,1260,1260,0,0.016000000000000007,65.36000000000007,65.44700000000005),(23474,5,1261,1261,0,0.1460000000000001,65.37500000000007,65.59300000000005),(23475,5,1262,1262,0,0.011000000000000003,65.44000000000007,65.60400000000004),(23476,5,1263,1263,0,0.013000000000000005,65.50500000000007,65.61700000000005),(23477,5,1264,1264,0,0.023000000000000013,65.50900000000007,65.64000000000004),(23478,5,1265,1265,0,0.04500000000000003,65.56300000000007,65.68500000000004),(23479,5,1266,1266,0,0.006,65.61000000000007,65.69100000000005),(23480,5,1267,1267,0,0.003,65.64200000000007,65.69400000000005),(23481,5,1268,1268,0,0.010000000000000002,65.71100000000007,65.72100000000007),(23482,5,1269,1269,0,0.002,65.71200000000007,65.72300000000007),(23483,5,1270,1270,0,0.015000000000000006,65.71600000000008,65.73800000000007),(23484,5,1271,1271,0,0.03400000000000002,65.76200000000009,65.79600000000009),(23485,5,1272,1272,0,0.06700000000000005,65.77400000000009,65.86300000000008),(23486,5,1273,1273,0,0.06700000000000005,65.82000000000009,65.93000000000008),(23487,5,1274,1274,0,0.027000000000000017,65.8450000000001,65.95700000000008),(23488,5,1275,1275,0,0.035000000000000024,65.8620000000001,65.99200000000008),(23489,5,1276,1276,0,0.011000000000000003,65.89400000000009,66.00300000000007),(23490,5,1277,1277,0,0.11000000000000008,65.9840000000001,66.11300000000007),(23491,5,1278,1278,0,0.02900000000000002,65.99800000000009,66.14200000000007),(23492,5,1279,1279,0,0.016000000000000007,66.13800000000009,66.15800000000007),(23493,5,1280,1280,0,0.011000000000000003,66.16100000000009,66.17200000000008),(23494,5,1281,1281,0,0.001,66.41400000000009,66.41500000000009),(23495,5,1282,1282,0,0.02100000000000001,66.44500000000009,66.4660000000001),(23496,5,1283,1283,0,0.03400000000000002,66.45100000000009,66.5000000000001),(23497,5,1284,1284,0,0.010000000000000002,66.54500000000009,66.55500000000009),(23498,5,1285,1285,0,0.1300000000000001,66.86600000000008,66.99600000000008),(23499,5,1286,1286,0,0.005,66.87400000000008,67.00100000000008),(23500,5,1287,1287,0,0.12600000000000008,66.90000000000008,67.12700000000008),(23501,5,1288,1288,0,0.007,66.92100000000008,67.13400000000009),(23502,5,1289,1289,0,0.057000000000000044,66.93400000000008,67.19100000000009),(23503,5,1290,1290,0,0.008,67.01100000000008,67.19900000000008),(23504,5,1291,1291,0,0.015000000000000006,67.04200000000009,67.21400000000008),(23505,5,1292,1292,0,0.04900000000000004,67.19300000000008,67.26300000000009),(23506,5,1293,1293,0,0.027000000000000017,67.21100000000008,67.29000000000009),(23507,5,1294,1294,0,0.04200000000000003,67.21700000000008,67.3320000000001),(23508,5,1295,1295,0,0.02000000000000001,67.35600000000008,67.37600000000008),(23509,5,1296,1296,0,0.003,67.35900000000008,67.37900000000008),(23510,5,1297,1297,0,0.028000000000000018,67.40200000000009,67.43000000000009),(23511,5,1298,1298,0,0.18600000000000014,67.42800000000008,67.6160000000001),(23512,5,1299,1299,0,0.01900000000000001,67.46900000000008,67.6350000000001),(23513,5,1300,1300,0,0.027000000000000017,67.47600000000008,67.6620000000001),(23514,5,1301,1301,0,0.03200000000000002,67.49700000000009,67.6940000000001),(23515,5,1302,1302,0,0.025000000000000015,67.63300000000008,67.71900000000011),(23516,5,1303,1303,0,0.007,67.64800000000008,67.72600000000011),(23517,5,1304,1304,0,0.02000000000000001,67.66700000000009,67.74600000000011),(23518,5,1305,1305,0,0.07700000000000005,67.71400000000008,67.8230000000001),(23519,5,1306,1306,0,0.007,67.73100000000008,67.83000000000011),(23520,5,1307,1307,0,0.008,68.01100000000008,68.01900000000008),(23521,5,1308,1308,0,0.01800000000000001,68.03800000000008,68.05600000000008),(23522,5,1309,1309,0,0.12700000000000009,68.06400000000008,68.19100000000007),(23523,5,1310,1310,0,0.06900000000000005,68.12500000000009,68.26000000000008),(23524,5,1311,1311,0,0.03000000000000002,68.12900000000009,68.29000000000008),(23525,5,1312,1312,0,0.015000000000000006,68.14600000000009,68.30500000000008),(23526,5,1313,1313,0,0.015000000000000006,68.15000000000009,68.32000000000008),(23527,5,1314,1314,0,0.04300000000000003,68.2250000000001,68.36300000000008),(23528,5,1315,1315,0,0.04500000000000003,68.2640000000001,68.40800000000009),(23529,5,1316,1316,0,0.009000000000000001,68.2950000000001,68.41700000000009),(23530,5,1317,1317,0,0.023000000000000013,68.3000000000001,68.44000000000008),(23531,5,1318,1318,0,0.03100000000000002,68.4310000000001,68.47100000000009),(23532,5,1319,1319,0,0.011000000000000003,68.43600000000009,68.48200000000008),(23533,5,1320,1320,0,0.04400000000000003,68.50100000000009,68.54500000000009),(23534,5,1321,1321,0,0.04100000000000003,68.51000000000009,68.58600000000008),(23535,5,1322,1322,0,0.017000000000000008,68.59600000000009,68.61300000000008),(23536,5,1323,1323,0,0.04400000000000003,68.6510000000001,68.69500000000009),(23537,5,1324,1324,0,0.001,68.77800000000009,68.7790000000001),(23538,5,1325,1325,0,0.17100000000000012,68.7910000000001,68.9620000000001),(23539,5,1326,1326,0,0.03000000000000002,68.8350000000001,68.9920000000001),(23540,5,1327,1327,0,0.005,68.84000000000009,68.9970000000001),(23541,5,1328,1328,0,0.04100000000000003,68.91500000000009,69.0380000000001),(23542,5,1329,1329,0,0.012000000000000004,68.92300000000009,69.0500000000001),(23543,5,1330,1330,0,0.028000000000000018,68.92700000000009,69.0780000000001),(23544,5,1331,1331,0,0.04300000000000003,68.99100000000008,69.12100000000011),(23545,5,1332,1332,0,0.1370000000000001,69.02600000000008,69.25800000000011),(23546,5,1333,1333,0,0.10200000000000008,69.06400000000008,69.36000000000011),(23547,5,1334,1334,0,0.002,69.06900000000007,69.36200000000011),(23548,5,1335,1335,0,0.07400000000000005,69.09900000000007,69.4360000000001),(23549,5,1336,1336,0,0.028000000000000018,69.15800000000007,69.46400000000011),(23550,5,1337,1337,0,0.03000000000000002,69.22800000000007,69.49400000000011),(23551,5,1338,1338,0,0.004,69.30300000000007,69.49800000000012),(23552,5,1339,1339,0,0.1470000000000001,69.37400000000007,69.64500000000012),(23553,5,1340,1340,0,0.06100000000000005,69.37700000000007,69.70600000000013),(23554,5,1341,1341,0,0.06700000000000005,69.39500000000007,69.77300000000012),(23555,5,1342,1342,0,0.1520000000000001,69.42600000000007,69.92500000000013),(23556,5,1343,1343,0,0.011000000000000003,69.52000000000007,69.93600000000012),(23557,5,1344,1344,0,0.06500000000000004,69.52100000000007,70.00100000000012),(23558,5,1345,1345,0,0.1490000000000001,69.57900000000008,70.15000000000012),(23559,5,1346,1346,0,0.03200000000000002,69.87100000000008,70.18200000000012),(23560,5,1347,1347,0,0.09600000000000007,69.90400000000008,70.27800000000012),(23561,5,1348,1348,0,0.010000000000000002,69.91600000000008,70.28800000000012),(23562,5,1349,1349,0,0.003,70.01300000000008,70.29100000000012),(23563,5,1350,1350,0,0.03400000000000002,70.12600000000008,70.32500000000013),(23564,5,1351,1351,0,0.03400000000000002,70.14700000000008,70.35900000000014),(23565,5,1352,1352,0,0.16600000000000012,70.27700000000007,70.52500000000013),(23566,5,1353,1353,0,0.023000000000000013,70.29700000000007,70.54800000000013),(23567,5,1354,1354,0,0.007,70.32600000000006,70.55500000000013),(23568,5,1355,1355,0,0.003,70.42700000000006,70.55800000000013),(23569,5,1356,1356,0,0.003,70.49800000000006,70.56100000000013),(23570,5,1357,1357,0,0.047000000000000035,70.54100000000007,70.60800000000013),(23571,5,1358,1358,0,0.005,70.64700000000006,70.65200000000006),(23572,5,1359,1359,0,0.22100000000000017,70.72500000000007,70.94600000000007),(23573,5,1360,1360,0,0.06800000000000005,70.84300000000006,71.01400000000007),(23574,5,1361,1361,0,0.09600000000000007,70.86900000000006,71.11000000000007),(23575,5,1362,1362,0,0.003,70.87200000000006,71.11300000000007),(23576,5,1363,1363,0,0.07400000000000005,70.89300000000006,71.18700000000007),(23577,5,1364,1364,0,0.017000000000000008,70.93400000000005,71.20400000000006),(23578,5,1365,1365,0,0.003,71.06000000000006,71.20700000000006),(23579,5,1366,1366,0,0.012000000000000004,71.08000000000006,71.21900000000007),(23580,5,1367,1367,0,0.02100000000000001,71.09700000000005,71.24000000000007),(23581,5,1368,1368,0,0.05300000000000004,71.16700000000004,71.29300000000006),(23582,5,1369,1369,0,0.04400000000000003,71.17500000000004,71.33700000000006),(23583,5,1370,1370,0,0.04300000000000003,71.18600000000004,71.38000000000007),(23584,5,1371,1371,0,0.011000000000000003,71.23200000000004,71.39100000000006),(23585,5,1372,1372,0,0.03800000000000003,71.29000000000005,71.42900000000006),(23586,5,1373,1373,0,0.10200000000000008,71.32800000000005,71.53100000000006),(23587,5,1374,1374,0,0.1560000000000001,71.34400000000005,71.68700000000007),(23588,5,1375,1375,0,0.03300000000000002,71.36000000000006,71.72000000000007),(23589,5,1376,1376,0,0.022000000000000013,71.42400000000005,71.74200000000008),(23590,5,1377,1377,0,0.03900000000000003,71.44400000000005,71.78100000000008),(23591,5,1378,1378,0,0.01900000000000001,71.60800000000005,71.80000000000008),(23592,5,1379,1379,0,0.25200000000000017,71.64800000000005,72.05200000000008),(23593,5,1380,1380,0,0.07600000000000005,71.65600000000005,72.12800000000007),(23594,5,1381,1381,0,0.03900000000000003,71.68700000000005,72.16700000000007),(23595,5,1382,1382,0,0.016000000000000007,71.72000000000006,72.18300000000008),(23596,5,1383,1383,0,0.015000000000000006,71.74000000000005,72.19800000000008),(23597,5,1384,1384,0,0.02000000000000001,71.76700000000005,72.21800000000007),(23598,5,1385,1385,0,0.017000000000000008,71.77500000000005,72.23500000000007),(23599,5,1386,1386,0,0.09500000000000007,71.92900000000004,72.33000000000007),(23600,5,1387,1387,0,0.047000000000000035,72.00000000000004,72.37700000000007),(23601,5,1388,1388,0,0.010000000000000002,72.03500000000004,72.38700000000007),(23602,5,1389,1389,0,0.007,72.04200000000004,72.39400000000008),(23603,5,1390,1390,0,0.06500000000000004,72.09800000000004,72.45900000000007),(23604,5,1391,1391,0,0.10400000000000008,72.19300000000004,72.56300000000007),(23605,5,1392,1392,0,0.08500000000000006,72.22300000000004,72.64800000000007),(23606,5,1393,1393,0,0.09100000000000007,72.29000000000003,72.73900000000006),(23607,5,1394,1394,0,0.03100000000000002,72.34400000000004,72.77000000000007),(23608,5,1395,1395,0,0.009000000000000001,72.38000000000004,72.77900000000007),(23609,5,1396,1396,0,0.01800000000000001,72.49400000000004,72.79700000000007),(23610,5,1397,1397,0,0.11200000000000009,72.51900000000005,72.90900000000006),(23611,5,1398,1398,0,0.012000000000000004,72.53400000000005,72.92100000000006),(23612,5,1399,1399,0,0.03000000000000002,72.54900000000005,72.95100000000006),(23613,5,1400,1400,0,0.028000000000000018,72.56500000000005,72.97900000000007),(23614,5,1401,1401,0,0.058000000000000045,72.56700000000005,73.03700000000008),(23615,5,1402,1402,0,0.07400000000000005,72.57700000000006,73.11100000000008),(23616,5,1403,1403,0,0.008,72.60900000000005,73.11900000000007),(23617,5,1404,1404,0,0.16600000000000012,72.67000000000006,73.28500000000007),(23618,5,1405,1405,0,0.024000000000000014,72.67200000000005,73.30900000000007),(23619,5,1406,1406,0,0.014000000000000005,72.81600000000006,73.32300000000006),(23620,5,1407,1407,0,0.024000000000000014,72.82500000000006,73.34700000000007),(23621,5,1408,1408,0,0.001,72.85500000000006,73.34800000000007),(23622,5,1409,1409,0,0.008,73.00900000000006,73.35600000000007),(23623,5,1410,1410,0,0.01900000000000001,73.01000000000006,73.37500000000007),(23624,5,1411,1411,0,0.04100000000000003,73.02600000000007,73.41600000000007),(23625,5,1412,1412,0,0.036000000000000025,73.06600000000007,73.45200000000007),(23626,5,1413,1413,0,0.015000000000000006,73.10400000000007,73.46700000000007),(23627,5,1414,1414,0,0.09800000000000007,73.14000000000007,73.56500000000007),(23628,5,1415,1415,0,0.015000000000000006,73.22900000000007,73.58000000000007),(23629,5,1416,1416,0,0.003,73.25700000000008,73.58300000000007),(23630,5,1417,1417,0,0.03800000000000003,73.28400000000008,73.62100000000007),(23631,5,1418,1418,0,0.059000000000000045,73.28900000000007,73.68000000000006),(23632,5,1419,1419,0,0.046000000000000034,73.36500000000007,73.72600000000007),(23633,5,1420,1420,0,0.011000000000000003,73.39400000000006,73.73700000000007),(23634,5,1421,1421,0,0.03000000000000002,73.44300000000007,73.76700000000007),(23635,5,1422,1422,0,0.03400000000000002,73.48900000000008,73.80100000000007),(23636,5,1423,1423,0,0.010000000000000002,73.61400000000008,73.81100000000008),(23637,5,1424,1424,0,0.035000000000000024,73.66100000000007,73.84600000000007),(23638,5,1425,1425,0,0.07600000000000005,73.69600000000007,73.92200000000007),(23639,5,1426,1426,0,0.007,73.70500000000007,73.92900000000007),(23640,5,1427,1427,0,0.001,73.78200000000007,73.93000000000008),(23641,5,1428,1428,0,0.015000000000000006,73.80900000000007,73.94500000000008),(23642,5,1429,1429,0,0.03100000000000002,73.84300000000007,73.97600000000008),(23643,5,1430,1430,0,0.002,73.86200000000008,73.97800000000008),(23644,5,1431,1431,0,0.012000000000000004,73.86900000000009,73.99000000000008),(23645,5,1432,1432,0,0.036000000000000025,73.87400000000008,74.02600000000008),(23646,5,1433,1433,0,0.002,73.93000000000008,74.02800000000008),(23647,5,1434,1434,0,0.03100000000000002,73.97100000000007,74.05900000000008),(23648,5,1435,1435,0,0.06600000000000004,73.98400000000008,74.12500000000009),(23649,5,1436,1436,0,0.026000000000000016,74.05300000000008,74.15100000000008),(23650,5,1437,1437,0,0.04000000000000003,74.06500000000008,74.19100000000009),(23651,5,1438,1438,0,0.037000000000000026,74.06700000000008,74.2280000000001),(23652,5,1439,1439,0,0.008,74.09500000000008,74.23600000000009),(23653,5,1440,1440,0,0.17900000000000013,74.14300000000009,74.41500000000009),(23654,5,1441,1441,0,0.001,74.15500000000009,74.4160000000001),(23655,5,1442,1442,0,0.003,74.20300000000009,74.4190000000001),(23656,5,1443,1443,0,0.003,74.2310000000001,74.4220000000001),(23657,5,1444,1444,0,0.002,74.3120000000001,74.42400000000009),(23658,5,1445,1445,0,0.008,74.4400000000001,74.44800000000009),(23659,5,1446,1446,0,0.1390000000000001,74.5080000000001,74.64700000000009),(23660,5,1447,1447,0,0.1560000000000001,74.6130000000001,74.8030000000001),(23661,5,1448,1448,0,0.09200000000000007,74.6380000000001,74.8950000000001),(23662,5,1449,1449,0,0.013000000000000005,74.7410000000001,74.9080000000001),(23663,5,1450,1450,0,0.07600000000000005,74.7570000000001,74.9840000000001),(23664,5,1451,1451,0,0.026000000000000016,74.8420000000001,75.01000000000009),(23665,5,1452,1452,0,0.01800000000000001,74.9470000000001,75.02800000000009),(23666,5,1453,1453,0,0.05000000000000004,74.9490000000001,75.07800000000009),(23667,5,1454,1454,0,0.006,74.9930000000001,75.08400000000009),(23668,5,1455,1455,0,0.07600000000000005,75.0090000000001,75.16000000000008),(23669,5,1456,1456,0,0.008,75.1370000000001,75.16800000000008),(23670,5,1457,1457,0,0.04000000000000003,75.1990000000001,75.2390000000001),(23671,5,1458,1458,0,0.003,75.32600000000009,75.3290000000001),(23672,5,1459,1459,0,0.04000000000000003,75.3330000000001,75.3730000000001),(23673,5,1460,1460,0,0.1380000000000001,75.41200000000009,75.5500000000001),(23674,5,1461,1461,0,0.002,75.54000000000009,75.55200000000009),(23675,5,1462,1462,0,0.035000000000000024,75.61100000000009,75.64600000000009),(23676,5,1463,1463,0,0.03400000000000002,75.6150000000001,75.68000000000009),(23677,5,1464,1464,0,0.004,75.6180000000001,75.6840000000001),(23678,5,1465,1465,0,0.04500000000000003,75.6460000000001,75.7290000000001),(23679,5,1466,1466,0,0.014000000000000005,75.6670000000001,75.7430000000001),(23680,5,1467,1467,0,0.027000000000000017,75.6680000000001,75.7700000000001),(23681,5,1468,1468,0,0.003,75.6700000000001,75.7730000000001),(23682,5,1469,1469,0,0.012000000000000004,75.71600000000011,75.7850000000001),(23683,5,1470,1470,0,0.08500000000000006,75.7890000000001,75.8740000000001),(23684,5,1471,1471,0,0.013000000000000005,75.8220000000001,75.8870000000001),(23685,5,1472,1472,0,0.11300000000000009,75.8910000000001,76.0040000000001),(23686,5,1473,1473,0,0.05000000000000004,75.96600000000011,76.0540000000001),(23687,5,1474,1474,0,0.03100000000000002,75.97500000000011,76.08500000000011),(23688,5,1475,1475,0,0.012000000000000004,76.03800000000011,76.09700000000011),(23689,5,1476,1476,0,0.024000000000000014,76.08600000000011,76.12100000000011),(23690,5,1477,1477,0,0.001,76.17900000000012,76.18000000000012),(23691,5,1478,1478,0,0.03100000000000002,76.22300000000011,76.25400000000012),(23692,5,1479,1479,0,0.02000000000000001,76.25000000000011,76.27400000000011),(23693,5,1480,1480,0,0.015000000000000006,76.27700000000011,76.29200000000012),(23694,5,1481,1481,0,0.1210000000000001,76.36400000000012,76.48500000000011),(23695,5,1482,1482,0,0.01800000000000001,76.38800000000012,76.50300000000011),(23696,5,1483,1483,0,0.06600000000000004,76.39400000000012,76.56900000000012),(23697,5,1484,1484,0,0.037000000000000026,76.40000000000012,76.60600000000012),(23698,5,1485,1485,0,0.014000000000000005,76.47300000000011,76.62000000000012),(23699,5,1486,1486,0,0.047000000000000035,76.50200000000011,76.66700000000012),(23700,5,1487,1487,0,0.005,76.6080000000001,76.67200000000011),(23701,5,1488,1488,0,0.03200000000000002,76.6700000000001,76.70400000000011),(23702,5,1489,1489,0,0.036000000000000025,76.6770000000001,76.74000000000011),(23703,5,1490,1490,0,0.03000000000000002,76.7980000000001,76.8280000000001),(23704,5,1491,1491,0,0.04100000000000003,76.8050000000001,76.8690000000001),(23705,5,1492,1492,0,0.06100000000000005,76.8280000000001,76.9300000000001),(23706,5,1493,1493,0,0.004,76.8400000000001,76.93400000000011),(23707,5,1494,1494,0,0.03400000000000002,76.8480000000001,76.96800000000012),(23708,5,1495,1495,0,0.02000000000000001,76.8520000000001,76.98800000000011),(23709,5,1496,1496,0,0.012000000000000004,76.8670000000001,77.00000000000011),(23710,5,1497,1497,0,0.03800000000000003,76.8700000000001,77.03800000000011),(23711,5,1498,1498,0,0.008,77.15400000000011,77.1620000000001),(23712,5,1499,1499,0,0.011000000000000003,77.21300000000011,77.2240000000001),(23713,5,1500,1500,0,0.05400000000000004,77.38000000000011,77.43400000000011),(23714,5,1501,1501,0,0.013000000000000005,77.60000000000011,77.61300000000011),(23715,5,1502,1502,0,0.04100000000000003,77.61200000000011,77.65400000000011),(23716,5,1503,1503,0,0.10900000000000008,77.75800000000011,77.8670000000001),(23717,5,1504,1504,0,0.03100000000000002,77.80100000000012,77.89800000000011),(23718,5,1505,1505,0,0.004,77.80300000000011,77.90200000000011),(23719,5,1506,1506,0,0.02100000000000001,77.81000000000012,77.92300000000012),(23720,5,1507,1507,0,0.009000000000000001,77.84900000000012,77.93200000000012),(23721,5,1508,1508,0,0.035000000000000024,77.87700000000012,77.96700000000011),(23722,5,1509,1509,0,0.01800000000000001,77.88300000000012,77.98500000000011),(23723,5,1510,1510,0,0.014000000000000005,77.88900000000012,77.99900000000011),(23724,5,1511,1511,0,0.001,77.91000000000012,78.00000000000011),(23725,5,1512,1512,0,0.04400000000000003,77.91900000000012,78.04400000000011),(23726,5,1513,1513,0,0.009000000000000001,77.92700000000012,78.05300000000011),(23727,5,1514,1514,0,0.011000000000000003,77.97900000000013,78.0640000000001),(23728,5,1515,1515,0,0.10600000000000008,78.00500000000012,78.1700000000001),(23729,5,1516,1516,0,0.024000000000000014,78.05600000000013,78.1940000000001),(23730,5,1517,1517,0,0.09700000000000007,78.08900000000013,78.2910000000001),(23731,5,1518,1518,0,0.002,78.13800000000013,78.29300000000009),(23732,5,1519,1519,0,0.012000000000000004,78.21300000000014,78.30500000000009),(23733,5,1520,1520,0,0.11800000000000009,78.26600000000013,78.42300000000009),(23734,5,1521,1521,0,0.005,78.29900000000013,78.42800000000008),(23735,5,1522,1522,0,0.017000000000000008,78.32700000000014,78.44500000000008),(23736,5,1523,1523,0,0.015000000000000006,78.36500000000014,78.46000000000008),(23737,5,1524,1524,0,0.017000000000000008,78.37200000000014,78.47700000000007),(23738,5,1525,1525,0,0.04100000000000003,78.42000000000014,78.51800000000007),(23739,5,1526,1526,0,0.10500000000000008,78.53400000000015,78.63900000000015),(23740,5,1527,1527,0,0.02900000000000002,78.57300000000015,78.66800000000015),(23741,5,1528,1528,0,0.003,78.60500000000015,78.67100000000015),(23742,5,1529,1529,0,0.008,78.62700000000015,78.67900000000014),(23743,5,1530,1530,0,0.09000000000000007,78.62900000000015,78.76900000000015),(23744,5,1531,1531,0,0.03000000000000002,78.69900000000014,78.79900000000015),(23745,5,1532,1532,0,0.006,78.70200000000014,78.80500000000015),(23746,5,1533,1533,0,0.11400000000000009,78.74200000000015,78.91900000000015),(23747,5,1534,1534,0,0.03300000000000002,78.80800000000015,78.95200000000015),(23748,5,1535,1535,0,0.008,78.85900000000015,78.96000000000015),(23749,5,1536,1536,0,0.04400000000000003,78.87300000000015,79.00400000000015),(23750,5,1537,1537,0,0.12600000000000008,79.18400000000015,79.31000000000016),(23751,5,1538,1538,0,0.025000000000000015,79.20700000000015,79.33500000000016),(23752,5,1539,1539,0,0.04000000000000003,79.21700000000016,79.37500000000017),(23753,5,1540,1540,0,0.046000000000000034,79.22300000000016,79.42100000000018),(23754,5,1541,1541,0,0.07000000000000005,79.28900000000016,79.49100000000017),(23755,5,1542,1542,0,0.04400000000000003,79.30900000000015,79.53500000000017),(23756,5,1543,1543,0,0.006,79.39000000000016,79.54100000000017),(23757,5,1544,1544,0,0.017000000000000008,79.51900000000016,79.55800000000016),(23758,5,1545,1545,0,0.08100000000000006,79.55400000000016,79.63900000000017),(23759,5,1546,1546,0,0.07300000000000005,79.62900000000016,79.71200000000016),(23760,5,1547,1547,0,0.09900000000000007,79.65400000000017,79.81100000000016),(23761,5,1548,1548,0,0.037000000000000026,79.71500000000017,79.84800000000017),(23762,5,1549,1549,0,0.11400000000000009,79.78900000000017,79.96200000000017),(23763,5,1550,1550,0,0.02100000000000001,79.81200000000017,79.98300000000017),(23764,5,1551,1551,0,0.06100000000000005,79.85700000000017,80.04400000000018),(23765,5,1552,1552,0,0.024000000000000014,79.92300000000017,80.06800000000018),(23766,5,1553,1553,0,0.009000000000000001,79.92800000000017,80.07700000000018),(23767,5,1554,1554,0,0.013000000000000005,79.93100000000017,80.09000000000019),(23768,5,1555,1555,0,0.013000000000000005,80.10400000000017,80.11700000000017),(23769,5,1556,1556,0,0.08300000000000006,80.10500000000017,80.20000000000017),(23770,5,1557,1557,0,0.07800000000000006,80.12600000000018,80.27800000000018),(23771,5,1558,1558,0,0.07900000000000006,80.13900000000018,80.35700000000017),(23772,5,1559,1559,0,0.007,80.15100000000018,80.36400000000017),(23773,5,1560,1560,0,0.037000000000000026,80.25100000000018,80.40100000000018),(23774,5,1561,1561,0,0.008,80.42700000000018,80.43500000000017),(23775,5,1562,1562,0,0.012000000000000004,80.49000000000018,80.50200000000018),(23776,5,1563,1563,0,0.027000000000000017,80.50600000000018,80.53300000000019),(23777,5,1564,1564,0,0.03900000000000003,80.63500000000019,80.67400000000019),(23778,5,1565,1565,0,0.1310000000000001,80.6600000000002,80.80500000000019),(23779,5,1566,1566,0,0.012000000000000004,80.7280000000002,80.81700000000019),(23780,5,1567,1567,0,0.04200000000000003,80.79000000000019,80.8590000000002),(23781,5,1568,1568,0,0.05300000000000004,80.88100000000018,80.93400000000018),(23782,5,1569,1569,0,0.09800000000000007,80.91000000000018,81.03200000000018),(23783,5,1570,1570,0,0.007,80.97800000000018,81.03900000000019),(23784,5,1571,1571,0,0.04200000000000003,80.98100000000018,81.08100000000019),(23785,5,1572,1572,0,0.06300000000000004,81.07500000000017,81.14400000000019),(23786,5,1573,1573,0,0.036000000000000025,81.13700000000017,81.18000000000019),(23787,5,1574,1574,0,0.05300000000000004,81.19400000000017,81.24700000000017),(23788,5,1575,1575,0,0.007,81.25000000000017,81.25700000000018),(23789,5,1576,1576,0,0.08800000000000006,81.25100000000018,81.34500000000017),(23790,5,1577,1577,0,0.09000000000000007,81.33300000000017,81.43500000000017),(23791,5,1578,1578,0,0.003,81.35800000000017,81.43800000000017),(23792,5,1579,1579,0,0.02000000000000001,81.38100000000017,81.45800000000017),(23793,5,1580,1580,0,0.009000000000000001,81.61100000000017,81.62000000000018),(23794,5,1581,1581,0,0.014000000000000005,81.64000000000017,81.65400000000017),(23795,5,1582,1582,0,0.012000000000000004,81.77900000000017,81.79100000000017),(23796,5,1583,1583,0,0.036000000000000025,81.80300000000017,81.83900000000017),(23797,5,1584,1584,0,0.011000000000000003,81.82600000000016,81.85000000000016),(23798,5,1585,1585,0,0.06800000000000005,81.86500000000017,81.93300000000016),(23799,5,1586,1586,0,0.1370000000000001,81.97100000000016,82.10800000000016),(23800,5,1587,1587,0,0.03800000000000003,82.07700000000015,82.14600000000016),(23801,5,1588,1588,0,0.016000000000000007,82.11700000000016,82.16200000000016),(23802,5,1589,1589,0,0.008,82.27200000000016,82.28000000000016),(23803,5,1590,1590,0,0.008,82.28600000000016,82.29400000000015),(23804,5,1591,1591,0,0.02000000000000001,82.30200000000016,82.32200000000016),(23805,5,1592,1592,0,0.001,82.46000000000016,82.46100000000017),(23806,5,1593,1593,0,0.015000000000000006,82.49500000000016,82.51000000000016),(23807,5,1594,1594,0,0.05500000000000004,82.50600000000016,82.56500000000017),(23808,5,1595,1595,0,0.001,82.52100000000016,82.56600000000017),(23809,5,1596,1596,0,0.017000000000000008,82.60800000000016,82.62500000000016),(23810,5,1597,1597,0,0.1430000000000001,82.62500000000016,82.76800000000016),(23811,5,1598,1598,0,0.012000000000000004,82.66600000000015,82.78000000000016),(23812,5,1599,1599,0,0.04400000000000003,82.67500000000015,82.82400000000015),(23813,5,1600,1600,0,0.02000000000000001,82.68700000000015,82.84400000000015),(23814,5,1601,1601,0,0.05300000000000004,82.70300000000016,82.89700000000015),(23815,5,1602,1602,0,0.06900000000000005,82.91200000000016,82.98100000000017),(23816,5,1603,1603,0,0.006,82.94000000000017,82.98700000000017),(23817,5,1604,1604,0,0.013000000000000005,82.96500000000017,83.00000000000017),(23818,5,1605,1605,0,0.011000000000000003,82.97100000000017,83.01100000000017),(23819,5,1606,1606,0,0.08800000000000006,83.04700000000017,83.13500000000016),(23820,5,1607,1607,0,0.05100000000000004,83.06700000000016,83.18600000000016),(23821,5,1608,1608,0,0.024000000000000014,83.07900000000016,83.21000000000016),(23822,5,1609,1609,0,0.007,83.20800000000017,83.21700000000017),(23823,5,1610,1610,0,0.025000000000000015,83.26700000000017,83.29200000000017),(23824,5,1611,1611,0,0.02000000000000001,83.27700000000017,83.31200000000017),(23825,5,1612,1612,0,0.19500000000000015,83.32800000000017,83.52300000000017),(23826,5,1613,1613,0,0.028000000000000018,83.40100000000017,83.55100000000017),(23827,5,1614,1614,0,0.03900000000000003,83.41800000000016,83.59000000000017),(23828,5,1615,1615,0,0.035000000000000024,83.48300000000016,83.62500000000017),(23829,5,1616,1616,0,0.037000000000000026,83.56500000000015,83.66200000000018),(23830,5,1617,1617,0,0.08200000000000006,83.63700000000016,83.74400000000017),(23831,5,1618,1618,0,0.20600000000000016,83.63900000000015,83.95000000000017),(23832,5,1619,1619,0,0.001,83.71900000000015,83.95100000000018),(23833,5,1620,1620,0,0.024000000000000014,83.75600000000016,83.97500000000018),(23834,5,1621,1621,0,0.057000000000000044,83.76100000000015,84.03200000000018),(23835,5,1622,1622,0,0.04300000000000003,83.78100000000015,84.07500000000019),(23836,5,1623,1623,0,0.012000000000000004,83.86100000000015,84.08700000000019),(23837,5,1624,1624,0,0.01900000000000001,83.95100000000015,84.1060000000002),(23838,5,1625,1625,0,0.048000000000000036,84.04400000000015,84.1540000000002),(23839,5,1626,1626,0,0.026000000000000016,84.10200000000016,84.18000000000019),(23840,5,1627,1627,0,0.012000000000000004,84.11000000000016,84.19200000000019),(23841,5,1628,1628,0,0.11700000000000009,84.11600000000016,84.3090000000002),(23842,5,1629,1629,0,0.014000000000000005,84.17800000000015,84.32300000000019),(23843,5,1630,1630,0,0.023000000000000013,84.23000000000016,84.34600000000019),(23844,5,1631,1631,0,0.009000000000000001,84.26200000000016,84.35500000000019),(23845,5,1632,1632,0,0.017000000000000008,84.38200000000016,84.39900000000016),(23846,5,1633,1633,0,0.01900000000000001,84.39700000000016,84.41800000000016),(23847,5,1634,1634,0,0.04000000000000003,84.46800000000016,84.50800000000017),(23848,5,1635,1635,0,0.03200000000000002,84.48300000000016,84.54000000000016),(23849,5,1636,1636,0,0.03300000000000002,84.50700000000016,84.57300000000016),(23850,5,1637,1637,0,0.05200000000000004,84.52800000000016,84.62500000000017),(23851,5,1638,1638,0,0.002,84.55800000000016,84.62700000000017),(23852,5,1639,1639,0,0.009000000000000001,84.60900000000017,84.63600000000017),(23853,5,1640,1640,0,0.03000000000000002,84.67600000000016,84.70600000000016),(23854,5,1641,1641,0,0.04100000000000003,84.73100000000017,84.77200000000016),(23855,5,1642,1642,0,0.1290000000000001,84.75300000000017,84.90100000000017),(23856,5,1643,1643,0,0.03100000000000002,84.77400000000017,84.93200000000017),(23857,5,1644,1644,0,0.006,84.80600000000017,84.93800000000017),(23858,5,1645,1645,0,0.008,84.81700000000016,84.94600000000017),(23859,5,1646,1646,0,0.016000000000000007,84.88300000000017,84.96200000000017),(23860,5,1647,1647,0,0.024000000000000014,84.88600000000017,84.98600000000017),(23861,5,1648,1648,0,0.05200000000000004,84.95800000000017,85.03800000000018),(23862,5,1649,1649,0,0.06800000000000005,84.97700000000017,85.10600000000018),(23863,5,1650,1650,0,0.010000000000000002,84.99700000000017,85.11600000000018),(23864,5,1651,1651,0,0.006,85.08000000000017,85.12200000000018),(23865,5,1652,1652,0,0.008,85.08800000000016,85.13000000000018),(23866,5,1653,1653,0,0.014000000000000005,85.11000000000017,85.14400000000018),(23867,5,1654,1654,0,0.09200000000000007,85.18400000000017,85.27600000000017),(23868,5,1655,1655,0,0.03900000000000003,85.20300000000017,85.31500000000017),(23869,5,1656,1656,0,0.014000000000000005,85.24800000000018,85.32900000000016),(23870,5,1657,1657,0,0.05000000000000004,85.32100000000017,85.37900000000016),(23871,5,1658,1658,0,0.013000000000000005,85.32700000000017,85.39200000000017),(23872,5,1659,1659,0,0.04000000000000003,85.37700000000017,85.43200000000017),(23873,5,1660,1660,0,0.1310000000000001,85.38700000000017,85.56300000000017),(23874,5,1661,1661,0,0.08800000000000006,85.38900000000017,85.65100000000017),(23875,5,1662,1662,0,0.03100000000000002,85.39100000000016,85.68200000000017),(23876,5,1663,1663,0,0.02100000000000001,85.44100000000016,85.70300000000017),(23877,5,1664,1664,0,0.02900000000000002,85.48100000000017,85.73200000000017),(23878,5,1665,1665,0,0.001,85.59400000000016,85.73300000000017),(23879,5,1666,1666,0,0.017000000000000008,85.59600000000016,85.75000000000017),(23880,5,1667,1667,0,0.015000000000000006,85.60700000000016,85.76500000000017),(23881,5,1668,1668,0,0.015000000000000006,85.61300000000016,85.78000000000017),(23882,5,1669,1669,0,0.07000000000000005,85.68700000000015,85.85000000000016),(23883,5,1670,1670,0,0.08000000000000006,85.82500000000016,85.93000000000016),(23884,5,1671,1671,0,0.02000000000000001,85.84200000000016,85.95000000000016),(23885,5,1672,1672,0,0.07400000000000005,85.85800000000016,86.02400000000016),(23886,5,1673,1673,0,0.007,86.05100000000016,86.05800000000016),(23887,5,1674,1674,0,0.022000000000000013,86.10700000000016,86.12900000000016),(23888,5,1675,1675,0,0.022000000000000013,86.13900000000015,86.16100000000016),(23889,5,1676,1676,0,0.08800000000000006,86.17200000000015,86.26000000000015),(23890,5,1677,1677,0,0.027000000000000017,86.18000000000015,86.28700000000015),(23891,5,1678,1678,0,0.10300000000000008,86.19100000000014,86.39000000000014),(23892,5,1679,1679,0,0.05500000000000004,86.20000000000014,86.44500000000015),(23893,5,1680,1680,0,0.009000000000000001,86.22100000000015,86.45400000000015),(23894,5,1681,1681,0,0.024000000000000014,86.33400000000015,86.47800000000015),(23895,5,1682,1682,0,0.01900000000000001,86.35000000000015,86.49700000000016),(23896,5,1683,1683,0,0.025000000000000015,86.36800000000015,86.52200000000016),(23897,5,1684,1684,0,0.01800000000000001,86.38300000000015,86.54000000000016),(23898,5,1685,1685,0,0.04400000000000003,86.42200000000015,86.58400000000016),(23899,5,1686,1686,0,0.011000000000000003,86.47900000000016,86.59500000000016),(23900,5,1687,1687,0,0.06400000000000004,86.54600000000015,86.65900000000015),(23901,5,1688,1688,0,0.010000000000000002,86.55000000000015,86.66900000000015),(23902,5,1689,1689,0,0.003,86.62100000000015,86.67200000000015),(23903,5,1690,1690,0,0.005,86.69700000000014,86.70200000000014),(23904,5,1691,1691,0,0.04100000000000003,86.76200000000014,86.80300000000014),(23905,5,1692,1692,0,0.010000000000000002,86.80200000000015,86.81300000000014),(23906,5,1693,1693,0,0.04200000000000003,86.80400000000014,86.85500000000015),(23907,5,1694,1694,0,0.08400000000000006,86.80600000000014,86.93900000000015),(23908,5,1695,1695,0,0.017000000000000008,86.82100000000014,86.95600000000015),(23909,5,1696,1696,0,0.024000000000000014,86.83500000000014,86.98000000000015),(23910,5,1697,1697,0,0.026000000000000016,86.87300000000013,87.00600000000014),(23911,5,1698,1698,0,0.036000000000000025,86.92400000000013,87.04200000000014),(23912,5,1699,1699,0,0.05300000000000004,86.92800000000014,87.09500000000014),(23913,5,1700,1700,0,0.03100000000000002,86.95700000000014,87.12600000000015),(23914,5,1701,1701,0,0.028000000000000018,86.99100000000014,87.15400000000015),(23915,5,1702,1702,0,0.04400000000000003,87.02100000000014,87.19800000000015),(23916,5,1703,1703,0,0.04200000000000003,87.03300000000014,87.24000000000015),(23917,5,1704,1704,0,0.03400000000000002,87.05000000000014,87.27400000000016),(23918,5,1705,1705,0,0.036000000000000025,87.07800000000015,87.31000000000016),(23919,5,1706,1706,0,0.07200000000000005,87.08100000000015,87.38200000000016),(23920,5,1707,1707,0,0.014000000000000005,87.08200000000015,87.39600000000016),(23921,5,1708,1708,0,0.07300000000000005,87.12400000000015,87.46900000000015),(23922,5,1709,1709,0,0.006,87.13600000000015,87.47500000000015),(23923,5,1710,1710,0,0.013000000000000005,87.16000000000015,87.48800000000016),(23924,5,1711,1711,0,0.013000000000000005,87.16700000000016,87.50100000000016),(23925,5,1712,1712,0,0.005,87.17400000000016,87.50600000000016),(23926,5,1713,1713,0,0.07900000000000006,87.18100000000017,87.58500000000015),(23927,5,1714,1714,0,0.10300000000000008,87.19700000000017,87.68800000000014),(23928,5,1715,1715,0,0.013000000000000005,87.31600000000017,87.70100000000015),(23929,5,1716,1716,0,0.03900000000000003,87.52900000000017,87.74000000000015),(23930,5,1717,1717,0,0.02100000000000001,87.53200000000017,87.76100000000015),(23931,5,1718,1718,0,0.1440000000000001,87.53500000000017,87.90500000000016),(23932,5,1719,1719,0,0.21400000000000016,87.56900000000017,88.11900000000016),(23933,5,1720,1720,0,0.01900000000000001,87.64000000000017,88.13800000000016),(23934,5,1721,1721,0,0.002,87.64800000000017,88.14000000000016),(23935,5,1722,1722,0,0.05600000000000004,87.68700000000017,88.19600000000015),(23936,5,1723,1723,0,0.010000000000000002,87.68800000000017,88.20600000000016),(23937,5,1724,1724,0,0.03200000000000002,87.70400000000018,88.23800000000016),(23938,5,1725,1725,0,0.06700000000000005,87.76200000000019,88.30500000000015),(23939,5,1726,1726,0,0.026000000000000016,87.77100000000019,88.33100000000015),(23940,5,1727,1727,0,0.08300000000000006,87.77800000000019,88.41400000000014),(23941,5,1728,1728,0,0.09800000000000007,87.80500000000019,88.51200000000014),(23942,5,1729,1729,0,0.001,87.88800000000019,88.51300000000015),(23943,5,1730,1730,0,0.01900000000000001,87.90000000000019,88.53200000000015),(23944,5,1731,1731,0,0.001,87.9280000000002,88.53300000000016),(23945,5,1732,1732,0,0.014000000000000005,88.0540000000002,88.54700000000015),(23946,5,1733,1733,0,0.06800000000000005,88.0770000000002,88.61500000000015),(23947,5,1734,1734,0,0.001,88.1880000000002,88.61600000000016),(23948,5,1735,1735,0,0.003,88.2150000000002,88.61900000000016),(23949,5,1736,1736,0,0.06200000000000005,88.2650000000002,88.68100000000015),(23950,5,1737,1737,0,0.01800000000000001,88.3800000000002,88.69900000000015),(23951,5,1738,1738,0,0.027000000000000017,88.4190000000002,88.72600000000016),(23952,5,1739,1739,0,0.08400000000000006,88.4250000000002,88.81000000000016),(23953,5,1740,1740,0,0.006,88.4650000000002,88.81600000000016),(23954,5,1741,1741,0,0.014000000000000005,88.49600000000021,88.83000000000015),(23955,5,1742,1742,0,0.008,88.52000000000021,88.83800000000015),(23956,5,1743,1743,0,0.025000000000000015,88.5400000000002,88.86300000000016),(23957,5,1744,1744,0,0.014000000000000005,88.5900000000002,88.87700000000015),(23958,5,1745,1745,0,0.05600000000000004,88.6340000000002,88.93300000000015),(23959,5,1746,1746,0,0.003,88.6430000000002,88.93600000000015),(23960,5,1747,1747,0,0.05000000000000004,88.7220000000002,88.98600000000015),(23961,5,1748,1748,0,0.035000000000000024,88.7530000000002,89.02100000000014),(23962,5,1749,1749,0,0.09300000000000007,88.7950000000002,89.11400000000015),(23963,5,1750,1750,0,0.11500000000000009,88.8070000000002,89.22900000000014),(23964,5,1751,1751,0,0.009000000000000001,88.9240000000002,89.23800000000014),(23965,5,1752,1752,0,0.08100000000000006,88.9290000000002,89.31900000000014),(23966,5,1753,1753,0,0.010000000000000002,88.9510000000002,89.32900000000015),(23967,5,1754,1754,0,0.04500000000000003,89.1020000000002,89.37400000000015),(23968,5,1755,1755,0,0.011000000000000003,89.11200000000021,89.38500000000015),(23969,5,1756,1756,0,0.08100000000000006,89.14600000000021,89.46600000000015),(23970,5,1757,1757,0,0.04900000000000004,89.15100000000021,89.51500000000016),(23971,5,1758,1758,0,0.01900000000000001,89.1710000000002,89.53400000000016),(23972,5,1759,1759,0,0.06700000000000005,89.24900000000021,89.60100000000016),(23973,5,1760,1760,0,0.05100000000000004,89.34400000000021,89.65200000000016),(23974,5,1761,1761,0,0.08300000000000006,89.36300000000021,89.73500000000016),(23975,5,1762,1762,0,0.048000000000000036,89.37400000000021,89.78300000000016),(23976,5,1763,1763,0,0.047000000000000035,89.39900000000021,89.83000000000015),(23977,5,1764,1764,0,0.014000000000000005,89.41500000000022,89.84400000000015),(23978,5,1765,1765,0,0.11000000000000008,89.44100000000022,89.95400000000015),(23979,5,1766,1766,0,0.07200000000000005,89.54900000000022,90.02600000000015),(23980,5,1767,1767,0,0.07500000000000005,89.70500000000023,90.10100000000016),(23981,5,1768,1768,0,0.007,89.73000000000023,90.10800000000016),(23982,5,1769,1769,0,0.008,89.77300000000024,90.11600000000016),(23983,5,1770,1770,0,0.03200000000000002,89.87800000000024,90.14800000000015),(23984,5,1771,1771,0,0.04300000000000003,89.94000000000024,90.19100000000016),(23985,5,1772,1772,0,0.006,89.96500000000024,90.19700000000016),(23986,5,1773,1773,0,0.010000000000000002,89.97100000000025,90.20700000000016),(23987,5,1774,1774,0,0.012000000000000004,90.01200000000024,90.21900000000016),(23988,5,1775,1775,0,0.02000000000000001,90.08500000000024,90.23900000000016),(23989,5,1776,1776,0,0.10900000000000008,90.23900000000023,90.34800000000023),(23990,5,1777,1777,0,0.10700000000000008,90.24300000000024,90.45500000000023),(23991,5,1778,1778,0,0.003,90.33500000000024,90.45800000000023),(23992,5,1779,1779,0,0.023000000000000013,90.34100000000024,90.48100000000022),(23993,5,1780,1780,0,0.008,90.45900000000023,90.48900000000022),(23994,5,1781,1781,0,0.006,90.46000000000024,90.49500000000022),(23995,5,1782,1782,0,0.009000000000000001,90.48300000000023,90.50400000000022),(23996,5,1783,1783,0,0.02100000000000001,90.57700000000023,90.59800000000023),(23997,5,1784,1784,0,0.08700000000000006,90.65900000000022,90.74600000000022),(23998,5,1785,1785,0,0.010000000000000002,90.70800000000023,90.75600000000023),(23999,5,1786,1786,0,0.008,90.82700000000023,90.83500000000022),(24000,5,1787,1787,0,0.016000000000000007,90.93300000000022,90.94900000000023),(24001,5,1788,1788,0,0.010000000000000002,90.95300000000022,90.96300000000022),(24002,5,1789,1789,0,0.059000000000000045,91.02300000000021,91.0820000000002),(24003,5,1790,1790,0,0.006,91.04100000000021,91.0880000000002),(24004,5,1791,1791,0,0.022000000000000013,91.08700000000022,91.11000000000021),(24005,5,1792,1792,0,0.001,91.20100000000022,91.20200000000023),(24006,5,1793,1793,0,0.06700000000000005,91.22900000000023,91.29600000000022),(24007,5,1794,1794,0,0.035000000000000024,91.24100000000023,91.33100000000022),(24008,5,1795,1795,0,0.006,91.32300000000022,91.33700000000022),(24009,5,1796,1796,0,0.006,91.32600000000022,91.34300000000022),(24010,5,1797,1797,0,0.02000000000000001,91.33900000000023,91.36300000000021),(24011,5,1798,1798,0,0.002,91.34000000000023,91.36500000000021),(24012,5,1799,1799,0,0.016000000000000007,91.35400000000023,91.38100000000021),(24013,5,1800,1800,0,0.06200000000000005,91.47800000000022,91.54000000000022),(24014,5,1801,1801,0,0.05300000000000004,91.48700000000022,91.59300000000022),(24015,5,1802,1802,0,0.05600000000000004,91.52800000000022,91.64900000000021),(24016,5,1803,1803,0,0.010000000000000002,91.53600000000021,91.65900000000022),(24017,5,1804,1804,0,0.012000000000000004,91.59000000000022,91.67100000000022),(24018,5,1805,1805,0,0.03400000000000002,91.61300000000021,91.70500000000023),(24019,5,1806,1806,0,0.010000000000000002,91.65000000000022,91.71500000000023),(24020,5,1807,1807,0,0.04500000000000003,91.70500000000023,91.76000000000023),(24021,5,1808,1808,0,0.007,91.75300000000023,91.76700000000024),(24022,5,1809,1809,0,0.002,91.76000000000023,91.76900000000023),(24023,5,1810,1810,0,0.21800000000000017,91.78100000000023,91.99900000000024),(24024,5,1811,1811,0,0.008,91.83600000000024,92.00700000000023),(24025,5,1812,1812,0,0.01900000000000001,91.96300000000024,92.02600000000024),(24026,5,1813,1813,0,0.036000000000000025,92.03100000000023,92.06700000000023),(24027,5,1814,1814,0,0.001,92.07700000000024,92.07800000000024),(24028,5,1815,1815,0,0.12000000000000009,92.12400000000024,92.24400000000024),(24029,5,1816,1816,0,0.01800000000000001,92.19000000000024,92.26200000000024),(24030,5,1817,1817,0,0.05300000000000004,92.25700000000023,92.31500000000024),(24031,5,1818,1818,0,0.047000000000000035,92.28100000000023,92.36200000000024),(24032,5,1819,1819,0,0.08100000000000006,92.34500000000023,92.44300000000024),(24033,5,1820,1820,0,0.02000000000000001,92.34700000000022,92.46300000000024),(24034,5,1821,1821,0,0.05300000000000004,92.35400000000023,92.51600000000023),(24035,5,1822,1822,0,0.04200000000000003,92.37900000000023,92.55800000000023),(24036,5,1823,1823,0,0.004,92.47900000000023,92.56200000000024),(24037,5,1824,1824,0,0.022000000000000013,92.48100000000022,92.58400000000024),(24038,5,1825,1825,0,0.010000000000000002,92.52600000000022,92.59400000000025),(24039,5,1826,1826,0,0.012000000000000004,92.58600000000023,92.60600000000025),(24040,5,1827,1827,0,0.026000000000000016,92.62400000000022,92.65000000000022),(24041,5,1828,1828,0,0.022000000000000013,92.66300000000022,92.68500000000023),(24042,5,1829,1829,0,0.04900000000000004,92.86000000000023,92.90900000000023),(24043,5,1830,1830,0,0.07200000000000005,92.88000000000022,92.98100000000024),(24044,5,1831,1831,0,0.048000000000000036,92.91400000000023,93.02900000000024),(24045,5,1832,1832,0,0.03900000000000003,92.92700000000023,93.06800000000024),(24046,5,1833,1833,0,0.022000000000000013,92.94500000000023,93.09000000000024),(24047,5,1834,1834,0,0.03000000000000002,92.96000000000024,93.12000000000025),(24048,5,1835,1835,0,0.06300000000000004,93.01000000000023,93.18300000000025),(24049,5,1836,1836,0,0.005,93.03000000000023,93.18800000000024),(24050,5,1837,1837,0,0.03000000000000002,93.07000000000023,93.21800000000025),(24051,5,1838,1838,0,0.010000000000000002,93.10300000000024,93.22800000000025),(24052,5,1839,1839,0,0.09900000000000007,93.12000000000023,93.32700000000025),(24053,5,1840,1840,0,0.005,93.18600000000023,93.33200000000025),(24054,5,1841,1841,0,0.036000000000000025,93.29300000000023,93.36800000000025),(24055,5,1842,1842,0,0.01800000000000001,93.44200000000023,93.46000000000024),(24056,5,1843,1843,0,0.059000000000000045,93.44500000000023,93.51900000000023),(24057,5,1844,1844,0,0.006,93.44800000000023,93.52500000000023),(24058,5,1845,1845,0,0.028000000000000018,93.56500000000024,93.59300000000025),(24059,5,1846,1846,0,0.003,93.67600000000024,93.67900000000024),(24060,5,1847,1847,0,0.002,93.67900000000024,93.68100000000024),(24061,5,1848,1848,0,0.05300000000000004,93.74000000000025,93.79300000000025),(24062,5,1849,1849,0,0.002,93.74900000000025,93.79500000000024),(24063,5,1850,1850,0,0.04300000000000003,93.77800000000025,93.83800000000025),(24064,5,1851,1851,0,0.016000000000000007,93.82000000000025,93.85400000000025),(24065,5,1852,1852,0,0.03800000000000003,93.83500000000025,93.89200000000025),(24066,5,1853,1853,0,0.007,93.85000000000025,93.89900000000026),(24067,5,1854,1854,0,0.012000000000000004,93.87300000000025,93.91100000000026),(24068,5,1855,1855,0,0.007,93.89200000000025,93.91800000000026),(24069,5,1856,1856,0,0.11800000000000009,93.94300000000025,94.06100000000025),(24070,5,1857,1857,0,0.06100000000000005,93.98700000000025,94.12200000000026),(24071,5,1858,1858,0,0.035000000000000024,94.05200000000025,94.15700000000025),(24072,5,1859,1859,0,0.035000000000000024,94.05800000000025,94.19200000000025),(24073,5,1860,1860,0,0.023000000000000013,94.28900000000024,94.31200000000024),(24074,5,1861,1861,0,0.006,94.30800000000025,94.31800000000024),(24075,5,1862,1862,0,0.06200000000000005,94.31400000000025,94.38000000000024),(24076,5,1863,1863,0,0.024000000000000014,94.35200000000025,94.40400000000024),(24077,5,1864,1864,0,0.04900000000000004,94.39000000000024,94.45300000000024),(24078,5,1865,1865,0,0.007,94.41200000000025,94.46000000000025),(24079,5,1866,1866,0,0.009000000000000001,94.45300000000024,94.46900000000025),(24080,5,1867,1867,0,0.01900000000000001,94.47200000000025,94.49100000000026),(24081,5,1868,1868,0,0.04900000000000004,94.53200000000025,94.58100000000026),(24082,5,1869,1869,0,0.04900000000000004,94.56500000000025,94.63000000000027),(24083,5,1870,1870,0,0.028000000000000018,94.66100000000026,94.68900000000026),(24084,5,1871,1871,0,0.006,94.87900000000026,94.88500000000026),(24085,5,1872,1872,0,0.011000000000000003,94.90700000000027,94.91800000000026),(24086,5,1873,1873,0,0.015000000000000006,95.11400000000026,95.12900000000026),(24087,5,1874,1874,0,0.01800000000000001,95.19100000000026,95.20900000000026),(24088,5,1875,1875,0,0.023000000000000013,95.26000000000026,95.28300000000026),(24089,5,1876,1876,0,0.022000000000000013,95.30600000000027,95.32800000000027),(24090,5,1877,1877,0,0.008,95.31900000000027,95.33600000000027),(24091,5,1878,1878,0,0.001,95.36000000000027,95.36100000000027),(24092,5,1879,1879,0,0.046000000000000034,95.53400000000028,95.58000000000028),(24093,5,1880,1880,0,0.005,95.60800000000027,95.61300000000027),(24094,5,1881,1881,0,0.011000000000000003,95.63300000000028,95.64400000000028),(24095,5,1882,1882,0,0.010000000000000002,95.67800000000028,95.68800000000029),(24096,5,1883,1883,0,0.04400000000000003,95.68300000000028,95.73200000000028),(24097,5,1884,1884,0,0.026000000000000016,95.75700000000028,95.78300000000027),(24098,5,1885,1885,0,0.003,95.86000000000027,95.86300000000027),(24099,5,1886,1886,0,0.1230000000000001,95.92000000000027,96.04300000000028),(24100,5,1887,1887,0,0.014000000000000005,95.99800000000027,96.05700000000027),(24101,5,1888,1888,0,0.03800000000000003,96.19200000000028,96.23000000000027),(24102,5,1889,1889,0,0.03100000000000002,96.20700000000028,96.26100000000028),(24103,5,1890,1890,0,0.07700000000000005,96.21300000000028,96.33800000000028),(24104,5,1891,1891,0,0.03800000000000003,96.25500000000028,96.37600000000027),(24105,5,1892,1892,0,0.06700000000000005,96.25600000000028,96.44300000000027),(24106,5,1893,1893,0,0.04200000000000003,96.32100000000028,96.48500000000027),(24107,5,1894,1894,0,0.07700000000000005,96.41300000000028,96.56200000000027),(24108,5,1895,1895,0,0.05200000000000004,96.49600000000028,96.61400000000027),(24109,5,1896,1896,0,0.10600000000000008,96.50200000000028,96.72000000000027),(24110,5,1897,1897,0,0.035000000000000024,96.52400000000029,96.75500000000027),(24111,5,1898,1898,0,0.025000000000000015,96.59700000000028,96.78000000000027),(24112,5,1899,1899,0,0.04900000000000004,96.61900000000028,96.82900000000028),(24113,5,1900,1900,0,0.016000000000000007,96.67900000000029,96.84500000000028),(24114,5,1901,1901,0,0.036000000000000025,96.68400000000028,96.88100000000028),(24115,5,1902,1902,0,0.027000000000000017,97.02600000000028,97.05300000000028),(24116,5,1903,1903,0,0.037000000000000026,97.07200000000029,97.1090000000003),(24117,5,1904,1904,0,0.05600000000000004,97.10300000000029,97.16500000000029),(24118,5,1905,1905,0,0.026000000000000016,97.2460000000003,97.27200000000029),(24119,5,1906,1906,0,0.004,97.2760000000003,97.2800000000003),(24120,5,1907,1907,0,0.006,97.3250000000003,97.3310000000003),(24121,5,1908,1908,0,0.06900000000000005,97.3730000000003,97.4420000000003),(24122,5,1909,1909,0,0.037000000000000026,97.4770000000003,97.51400000000031),(24123,5,1910,1910,0,0.011000000000000003,97.5700000000003,97.5810000000003),(24124,5,1911,1911,0,0.10600000000000008,97.64500000000031,97.7510000000003),(24125,5,1912,1912,0,0.02000000000000001,97.70300000000032,97.7710000000003),(24126,5,1913,1913,0,0.023000000000000013,97.73900000000032,97.7940000000003),(24127,5,1914,1914,0,0.01900000000000001,97.75600000000031,97.8130000000003),(24128,5,1915,1915,0,0.014000000000000005,97.79800000000031,97.8270000000003),(24129,5,1916,1916,0,0.011000000000000003,97.81500000000031,97.83800000000029),(24130,5,1917,1917,0,0.003,97.86100000000032,97.86400000000032),(24131,5,1918,1918,0,0.001,98.01200000000031,98.01300000000032),(24132,5,1919,1919,0,0.059000000000000045,98.02400000000031,98.08300000000031),(24133,5,1920,1920,0,0.059000000000000045,98.06100000000032,98.14200000000031),(24134,5,1921,1921,0,0.06900000000000005,98.08800000000032,98.21100000000031),(24135,5,1922,1922,0,0.04000000000000003,98.15600000000032,98.25100000000032),(24136,5,1923,1923,0,0.013000000000000005,98.20100000000032,98.26400000000032),(24137,5,1924,1924,0,0.03900000000000003,98.21300000000032,98.30300000000032),(24138,5,1925,1925,0,0.02000000000000001,98.21900000000032,98.32300000000032),(24139,5,1926,1926,0,0.05500000000000004,98.25800000000032,98.37800000000033),(24140,5,1927,1927,0,0.009000000000000001,98.31100000000032,98.38700000000033),(24141,5,1928,1928,0,0.1360000000000001,98.33100000000032,98.52300000000032),(24142,5,1929,1929,0,0.046000000000000034,98.34100000000032,98.56900000000033),(24143,5,1930,1930,0,0.016000000000000007,98.35000000000032,98.58500000000033),(24144,5,1931,1931,0,0.057000000000000044,98.37600000000032,98.64200000000034),(24145,5,1932,1932,0,0.003,98.39600000000031,98.64500000000034),(24146,5,1933,1933,0,0.008,98.41500000000032,98.65300000000033),(24147,5,1934,1934,0,0.058000000000000045,98.43800000000032,98.71100000000034),(24148,5,1935,1935,0,0.004,98.57500000000032,98.71500000000034),(24149,5,1936,1936,0,0.024000000000000014,98.58200000000032,98.73900000000035),(24150,5,1937,1937,0,0.07900000000000006,98.63300000000032,98.81800000000034),(24151,5,1938,1938,0,0.006,98.63500000000032,98.82400000000034),(24152,5,1939,1939,0,0.016000000000000007,98.69700000000032,98.84000000000034),(24153,5,1940,1940,0,0.002,98.71500000000032,98.84200000000034),(24154,5,1941,1941,0,0.03900000000000003,98.77300000000032,98.88100000000034),(24155,5,1942,1942,0,0.05100000000000004,98.87000000000032,98.93200000000034),(24156,5,1943,1943,0,0.002,98.89100000000032,98.93400000000034),(24157,5,1944,1944,0,0.005,98.93400000000032,98.93900000000033),(24158,5,1945,1945,0,0.03900000000000003,98.93800000000033,98.97800000000034),(24159,5,1946,1946,0,0.028000000000000018,98.99800000000033,99.02600000000034),(24160,5,1947,1947,0,0.08500000000000006,99.12200000000033,99.20700000000032),(24161,5,1948,1948,0,0.008,99.16000000000032,99.21500000000032),(24162,5,1949,1949,0,0.022000000000000013,99.19000000000032,99.23700000000032),(24163,5,1950,1950,0,0.04500000000000003,99.22600000000033,99.28200000000032),(24164,5,1951,1951,0,0.011000000000000003,99.29900000000032,99.31000000000031),(24165,5,1952,1952,0,0.01800000000000001,99.32700000000033,99.34500000000033),(24166,5,1953,1953,0,0.05600000000000004,99.47100000000033,99.52700000000033),(24167,5,1954,1954,0,0.003,99.48200000000033,99.53000000000033),(24168,5,1955,1955,0,0.002,99.56700000000032,99.56900000000032),(24169,5,1956,1956,0,0.046000000000000034,99.57900000000032,99.62500000000033),(24170,5,1957,1957,0,0.003,99.62400000000032,99.62800000000033),(24171,5,1958,1958,0,0.036000000000000025,99.63300000000032,99.66900000000032),(24172,5,1959,1959,0,0.08700000000000006,99.70700000000032,99.79400000000032),(24173,5,1960,1960,0,0.026000000000000016,99.71100000000033,99.82000000000032),(24174,5,1961,1961,0,0.016000000000000007,99.71300000000032,99.83600000000033),(24175,5,1962,1962,0,0.10600000000000008,99.73200000000033,99.94200000000032),(24176,5,1963,1963,0,0.017000000000000008,99.74500000000033,99.95900000000032),(24177,5,1964,1964,0,0.005,99.77200000000033,99.96400000000031),(24178,5,1965,1965,0,0.047000000000000035,99.78200000000034,100.01100000000031),(24179,5,1966,1966,0,0.03800000000000003,99.85200000000033,100.0490000000003),(24180,5,1967,1967,0,0.06800000000000005,99.90600000000033,100.1170000000003),(24181,5,1968,1968,0,0.037000000000000026,99.93000000000033,100.15400000000031),(24182,5,1969,1969,0,0.037000000000000026,99.93500000000033,100.19100000000032),(24183,5,1970,1970,0,0.026000000000000016,99.95200000000033,100.21700000000031),(24184,5,1971,1971,0,0.12700000000000009,99.96200000000033,100.3440000000003),(24185,5,1972,1972,0,0.06100000000000005,99.99100000000033,100.40500000000031),(24186,5,1973,1973,0,0.07100000000000005,100.03300000000033,100.47600000000031),(24187,6,0,0,0,2.224999999999866,3.542999999999721,5.767999999999587),(24188,6,1,1,0,2.4109999999998455,11.535000000000725,13.94600000000057),(24189,6,2,2,0,0.7030000000000005,13.080000000000666,14.649000000000571),(24190,6,3,3,0,2.2219999999998663,13.528000000000667,16.871000000000436),(24191,6,4,4,0,2.9479999999997863,20.666000000001386,23.614000000001173),(24192,6,5,5,0,1.232999999999975,23.386000000001196,24.84700000000115),(24193,6,6,6,0,1.1539999999999837,31.71300000000202,32.867000000002),(24194,6,7,7,0,2.588999999999826,40.22900000000274,42.81800000000257),(24195,6,8,8,0,4.239999999999751,42.378000000002615,47.05800000000232),(24196,6,9,9,0,7.211000000000743,43.84300000000256,54.26900000000307),(24197,6,10,10,0,3.5659999999997183,45.85500000000245,57.835000000002786),(24198,6,11,11,0,0.6880000000000005,49.845000000002116,58.52300000000279),(24199,6,12,12,0,0.1330000000000001,49.89800000000211,58.65600000000279),(24200,6,13,13,0,0.5790000000000004,58.090000000003016,59.23500000000279),(24201,6,14,14,0,0.7880000000000006,65.76400000000392,66.55200000000391),(24202,6,15,15,0,0.9540000000000007,66.39600000000392,67.50600000000392),(24203,6,16,16,0,0.19800000000000015,71.18700000000386,71.38500000000386),(24204,6,17,17,0,3.0259999999997778,75.89800000000378,78.92400000000356),(24205,6,18,18,0,3.18899999999976,77.5370000000037,82.11300000000332),(24206,6,19,19,0,0.43200000000000033,84.19700000000427,84.62900000000427),(24207,6,20,20,0,1.0669999999999933,84.81900000000427,85.88600000000426),(24208,6,21,21,0,3.404999999999736,85.53700000000427,89.29100000000399),(24209,6,22,22,0,0.18900000000000014,90.11300000000413,90.30200000000414),(24210,6,23,23,0,0.5010000000000003,92.300000000004,92.80100000000401),(24211,6,24,24,0,6.343000000000453,100.41700000000495,106.7600000000054),(24212,6,25,25,0,1.2579999999999723,106.27200000000524,108.01800000000537),(24213,6,26,26,0,0.34300000000000025,125.12500000000529,125.46800000000529),(24214,6,27,27,0,0.1480000000000001,125.26900000000529,125.61600000000529),(24215,6,28,28,0,10.1749999999998,127.87800000000512,138.05300000000491),(24216,6,29,29,0,1.0579999999999943,129.64900000000503,139.1110000000049),(24217,6,30,30,0,1.213999999999977,131.9190000000049,140.32500000000488),(24218,6,31,31,0,1.3569999999999613,132.3160000000049,141.68200000000485),(24219,6,32,32,0,2.5449999999998307,133.53800000000487,144.22700000000467),(24220,6,33,33,0,9.906999999999949,136.42000000000468,154.13400000000462),(24221,6,34,34,0,5.515000000000176,137.52000000000467,159.6490000000048),(24222,6,35,35,0,3.7079999999997026,138.11400000000467,163.35700000000452),(24223,6,36,36,0,0.5720000000000004,139.5550000000046,163.92900000000452),(24224,6,37,37,0,6.69400000000057,140.51000000000462,170.62300000000508),(24225,6,38,38,0,2.7279999999998106,140.6090000000046,173.3510000000049),(24226,6,39,39,0,2.0019999999998905,143.94900000000436,175.35300000000478),(24227,6,40,40,0,6.811000000000609,147.2230000000041,182.1640000000054),(24228,6,41,41,0,6.45300000000049,148.88000000000403,188.61700000000587),(24229,6,42,42,0,1.395999999999957,149.11300000000404,190.01300000000583),(24230,6,43,43,0,2.0649999999998836,155.04200000000435,192.07800000000572),(24231,6,44,44,0,0.2900000000000002,157.90200000000414,192.3680000000057),(24232,6,45,45,0,0.35200000000000026,158.47800000000413,192.7200000000057),(24233,6,46,46,0,5.810000000000275,163.59500000000418,198.530000000006),(24234,6,47,47,0,0.25300000000000017,169.7700000000046,198.783000000006),(24235,6,48,48,0,1.6749999999999263,171.34900000000454,200.45800000000594),(24236,6,49,49,0,0.1530000000000001,175.68700000000433,200.61100000000593),(24237,6,50,50,0,1.1529999999999838,176.01300000000433,201.76400000000592),(24238,6,51,51,0,3.2849999999997492,177.44800000000427,205.04900000000566),(24239,6,52,52,0,0.5720000000000004,184.47800000000495,205.62100000000567),(24240,6,53,53,0,0.45200000000000035,188.9880000000048,206.07300000000566),(24241,6,54,54,0,0.4870000000000004,189.2140000000048,206.56000000000566),(24242,6,55,55,0,1.2199999999999764,189.8290000000048,207.78000000000563),(24243,6,56,56,0,0.059000000000000045,192.00500000000469,207.83900000000563),(24244,6,57,57,0,0.11200000000000009,193.95300000000458,207.95100000000562),(24245,6,58,58,0,4.375999999999796,196.21200000000445,212.32700000000543),(24246,6,59,59,0,0.7760000000000006,196.47700000000444,213.10300000000544),(24247,6,60,60,0,3.4099999999997355,207.11200000000397,216.51300000000518),(24248,6,61,61,0,0.1400000000000001,216.56100000000419,216.70100000000417),(24249,6,62,62,0,0.33000000000000024,219.90400000000392,220.23400000000393),(24250,6,63,63,0,0.1580000000000001,227.2200000000047,227.37800000000468),(24251,6,64,64,0,4.56799999999986,227.2910000000047,231.94600000000455),(24252,6,65,65,0,5.842000000000286,228.1080000000047,237.78800000000484),(24253,6,66,66,0,1.8029999999999122,235.88000000000562,239.59100000000475),(24254,6,67,67,0,0.5950000000000004,237.25000000000557,240.18600000000475),(24255,6,68,68,0,2.1669999999998724,246.22900000000604,248.3960000000059),(24256,6,69,69,0,4.735999999999916,250.04100000000574,254.77700000000564),(24257,6,70,70,0,1.7339999999999198,251.61200000000568,256.51100000000554),(24258,6,71,71,0,1.3989999999999567,252.40200000000567,257.9100000000055),(24259,6,72,72,0,0.058000000000000045,258.9450000000062,259.0030000000062),(24260,6,73,73,0,0.20700000000000016,260.44700000000614,260.65400000000614),(24261,6,74,74,0,0.5860000000000004,262.448000000006,263.034000000006),(24262,6,75,75,0,1.6829999999999254,270.74000000000683,272.42300000000677),(24263,6,76,76,0,1.0849999999999913,276.05300000000693,277.1380000000069),(24264,6,77,77,0,0.9470000000000007,276.3090000000069,278.0850000000069),(24265,6,78,78,0,0.02900000000000002,280.6690000000067,280.6980000000067),(24266,6,79,79,0,5.799000000000271,289.1680000000074,294.96700000000766),(24267,6,80,80,0,0.4860000000000004,290.8780000000073,295.45300000000765),(24268,6,81,81,0,0.1300000000000001,292.9940000000072,295.58300000000764),(24269,6,82,82,0,0.6230000000000004,298.0340000000072,298.6570000000072),(24270,6,83,83,0,5.164000000000059,299.1300000000072,304.29400000000726),(24271,6,84,84,0,11.765999999998918,301.848000000007,316.0600000000062),(24272,6,85,85,0,2.6219999999998223,303.51400000000694,318.68200000000604),(24273,6,86,86,0,1.6919999999999245,310.4020000000076,320.374000000006),(24274,6,87,87,0,2.604999999999824,320.7270000000073,323.33200000000716),(24275,6,88,88,0,1.8809999999999036,321.1840000000073,325.21300000000707),(24276,6,89,89,0,1.3729999999999596,321.8330000000073,326.586000000007),(24277,6,90,90,0,1.1169999999999878,321.9530000000073,327.70300000000697),(24278,6,91,91,0,3.804999999999692,324.9380000000071,331.50800000000663),(24279,6,92,92,0,1.3549999999999616,331.28100000000757,332.8630000000066),(24280,6,93,93,0,2.043999999999886,331.41600000000756,334.90700000000646),(24281,6,94,94,0,0.32900000000000024,334.67300000000733,335.23600000000647),(24282,6,95,95,0,0.34200000000000025,341.78300000000803,342.125000000008),(24283,6,96,96,0,0.8130000000000006,345.16000000000776,345.97300000000774),(24284,6,97,97,0,4.193999999999735,345.57700000000773,350.1670000000075),(24285,6,98,98,0,0.8290000000000006,346.68500000000773,350.9960000000075),(24286,6,99,99,0,3.3439999999997427,347.9050000000077,354.34000000000725),(24287,6,100,100,0,1.168999999999982,348.5340000000077,355.50900000000723),(24288,6,101,101,0,4.830999999999948,354.26700000000795,360.3400000000072),(24289,6,102,102,0,0.34500000000000025,359.9350000000082,360.6850000000072),(24290,6,103,103,0,1.5949999999999351,360.3750000000082,362.28000000000713),(24291,6,104,104,0,0.7360000000000005,361.87500000000813,363.0160000000071),(24292,6,105,105,0,0.6210000000000004,362.83400000000813,363.6370000000071),(24293,6,106,106,0,6.562000000000526,368.8770000000085,375.439000000009),(24294,6,107,107,0,0.9020000000000007,369.42800000000847,376.341000000009),(24295,6,108,108,0,0.059000000000000045,369.53700000000845,376.400000000009),(24296,6,109,109,0,8.04500000000098,371.58400000000836,384.44500000001),(24297,6,110,110,0,2.179999999999871,371.59000000000833,386.6250000000099),(24298,6,111,111,0,2.497999999999836,372.65200000000834,389.1230000000097),(24299,6,112,112,0,4.6139999999998755,376.63600000000804,393.7370000000096),(24300,6,113,113,0,2.1669999999998724,380.3900000000077,395.90400000000943),(24301,6,114,114,0,0.04300000000000003,381.2440000000077,395.94700000000944),(24302,6,115,115,0,2.233999999999865,384.0660000000075,398.1810000000093),(24303,6,116,116,0,0.3910000000000003,386.2650000000073,398.5720000000093),(24304,6,117,117,0,1.405999999999956,387.37500000000733,399.9780000000093),(24305,6,118,118,0,0.16600000000000012,389.0530000000073,400.14400000000927),(24306,6,119,119,0,5.232000000000082,389.59000000000725,405.37600000000936),(24307,6,120,120,0,3.1289999999997664,390.2860000000073,408.50500000000915),(24308,6,121,121,0,2.7569999999998074,393.824000000007,411.262000000009),(24309,6,122,122,0,1.2629999999999717,395.050000000007,412.52500000000896),(24310,6,123,123,0,1.1839999999999804,399.54500000000684,413.7090000000089),(24311,6,124,124,0,4.377999999999797,400.1950000000068,418.08700000000874),(24312,6,125,125,0,0.9560000000000007,406.51500000000726,419.04300000000876),(24313,6,126,126,0,1.2389999999999743,407.58200000000727,420.28200000000874),(24314,6,127,127,0,2.4459999999998416,408.20500000000726,422.7280000000086),(24315,6,128,128,0,7.326000000000781,414.9960000000079,430.05400000000935),(24316,6,129,129,0,3.168999999999762,418.3390000000076,433.2230000000091),(24317,6,130,130,0,0.10200000000000008,419.3440000000076,433.3250000000091),(24318,6,131,131,0,2.45999999999984,420.19900000000763,435.78500000000895),(24319,6,132,132,0,2.169999999999872,421.1800000000076,437.9550000000088),(24320,6,133,133,0,1.8169999999999107,421.6250000000076,439.7720000000087),(24321,6,134,134,0,6.446000000000487,431.2610000000077,446.21800000000917),(24322,6,135,135,0,3.6089999999997135,432.2040000000077,449.82700000000887),(24323,6,136,136,0,3.1649999999997624,435.84000000000736,452.9920000000086),(24324,6,137,137,0,0.5540000000000004,438.1760000000072,453.5460000000086),(24325,6,138,138,0,0.7470000000000006,440.679000000007,454.2930000000086),(24326,6,139,139,0,1.5759999999999372,442.57400000000695,455.86900000000855),(24327,6,140,140,0,0.09000000000000007,444.7860000000068,455.95900000000853),(24328,6,141,141,0,0.09600000000000007,445.7100000000068,456.05500000000853),(24329,6,142,142,0,1.7989999999999127,451.0760000000069,457.85400000000845),(24330,6,143,143,0,2.706999999999813,453.30300000000676,460.5610000000083),(24331,6,144,144,0,0.04000000000000003,457.31100000000646,460.6010000000083),(24332,6,145,145,0,1.4019999999999564,458.40700000000646,462.0030000000082),(24333,6,146,146,0,1.5569999999999393,461.41800000000626,463.5600000000082),(24334,6,147,147,0,4.365999999999793,464.43200000000604,468.79800000000586),(24335,6,148,148,0,2.543999999999831,465.51400000000604,471.34200000000567),(24336,6,149,149,0,1.6019999999999344,470.6790000000061,472.9440000000056),(24337,6,150,150,0,2.5449999999998307,473.019000000006,475.5640000000058),(24338,6,151,151,0,0.8780000000000007,473.256000000006,476.4420000000058),(24339,6,152,152,0,0.36700000000000027,475.81100000000583,476.8090000000058),(24340,6,153,153,0,9.448000000000203,481.77800000000616,491.22600000000637),(24341,6,154,154,0,0.1390000000000001,492.69800000000555,492.83700000000556),(24342,6,155,155,0,0.1380000000000001,493.47400000000556,493.61200000000554),(24343,6,156,156,0,1.0739999999999925,497.91000000000537,498.9840000000054),(24344,6,157,157,0,1.4539999999999507,504.0250000000057,505.47900000000567),(24345,6,158,158,0,2.73299999999981,504.45000000000573,508.2120000000055),(24346,6,159,159,0,0.3170000000000002,505.0640000000057,508.5290000000055),(24347,6,160,160,0,4.02799999999968,506.09900000000573,512.5570000000052),(24348,6,161,161,0,2.534999999999832,509.76300000000543,515.0920000000051),(24349,6,162,162,0,1.604999999999934,512.0500000000053,516.697000000005),(24350,6,163,163,0,1.5349999999999417,514.8870000000051,518.232000000005),(24351,6,164,164,0,0.7220000000000005,515.2020000000051,518.954000000005),(24352,6,165,165,0,0.8360000000000006,515.3270000000051,519.790000000005),(24353,6,166,166,0,1.614999999999933,517.545000000005,521.4050000000049),(24354,6,167,167,0,0.8740000000000007,518.293000000005,522.2790000000049),(24355,6,168,168,0,0.05400000000000004,520.4650000000049,522.3330000000049),(24356,6,169,169,0,0.5570000000000004,523.6290000000047,524.1860000000047),(24357,6,170,170,0,1.342999999999963,528.2500000000045,529.5930000000045),(24358,6,171,171,0,3.9019999999996813,529.4590000000045,533.4950000000042),(24359,6,172,172,0,0.5790000000000004,529.9550000000045,534.0740000000042),(24360,6,173,173,0,1.160999999999983,534.3390000000043,535.5000000000042),(24361,6,174,174,0,3.7729999999996955,536.819000000004,540.5920000000037),(24362,6,175,175,0,6.675000000000564,537.800000000004,547.2670000000043),(24363,6,176,176,0,0.022000000000000013,543.9020000000044,547.2890000000043),(24364,6,177,177,0,1.931999999999898,553.5720000000044,555.5040000000043),(24365,6,178,178,0,3.493999999999726,561.8480000000053,565.342000000005),(24366,6,179,179,0,1.2529999999999728,562.0210000000053,566.5950000000049),(24367,6,180,180,0,1.7299999999999203,562.5580000000053,568.3250000000048),(24368,6,181,181,0,2.6359999999998207,563.1210000000053,570.9610000000047),(24369,6,182,182,0,0.44600000000000034,564.2950000000053,571.4070000000047),(24370,6,183,183,0,2.9739999999997835,566.2340000000052,574.3810000000045),(24371,6,184,184,0,1.8179999999999106,568.722000000005,576.1990000000044),(24372,6,185,185,0,0.4210000000000003,570.2920000000049,576.6200000000044),(24373,6,186,186,0,2.043999999999886,570.367000000005,578.6640000000043),(24374,6,187,187,0,0.36500000000000027,571.415000000005,579.0290000000043),(24375,6,188,188,0,0.1220000000000001,572.131000000005,579.1510000000043),(24376,6,189,189,0,0.18300000000000013,573.197000000005,579.3340000000043),(24377,6,190,190,0,12.095999999998735,575.3380000000049,591.430000000003),(24378,6,191,191,0,3.1659999999997623,576.0150000000049,594.5960000000027),(24379,6,192,192,0,0.8920000000000007,576.1220000000048,595.4880000000028),(24380,6,193,193,0,0.6590000000000005,576.7670000000048,596.1470000000028),(24381,6,194,194,0,3.4019999999997363,584.3150000000057,599.5490000000025),(24382,6,195,195,0,1.431999999999953,585.4760000000057,600.9810000000024),(24383,6,196,196,0,0.06400000000000004,588.0430000000055,601.0450000000023),(24384,6,197,197,0,1.722999999999921,591.8490000000052,602.7680000000023),(24385,6,198,198,0,3.112999999999768,592.1930000000052,605.881000000002),(24386,6,199,199,0,0.6850000000000005,598.3260000000056,606.566000000002),(24387,6,200,200,0,0.2940000000000002,603.8470000000058,606.860000000002),(24388,6,201,201,0,1.6259999999999317,608.1950000000056,609.8210000000056),(24389,6,202,202,0,0.4090000000000003,610.1020000000055,610.5110000000055),(24390,6,203,203,0,2.414999999999845,618.8810000000061,621.296000000006),(24391,6,204,204,0,1.2899999999999687,619.8430000000061,622.5860000000059),(24392,6,205,205,0,7.8060000000009415,623.0900000000058,630.8960000000068),(24393,6,206,206,0,1.1369999999999856,626.3410000000056,632.0330000000067),(24394,6,207,207,0,0.7530000000000006,635.374000000006,636.1270000000061),(24395,6,208,208,0,2.54999999999983,636.241000000006,638.7910000000059),(24396,6,209,209,0,8.902000000000506,643.3280000000067,652.2300000000072),(24397,6,210,210,0,3.9519999999996758,644.4610000000067,656.1820000000068),(24398,6,211,211,0,1.7309999999999202,644.6710000000068,657.9130000000067),(24399,6,212,212,0,1.7789999999999149,646.1110000000067,659.6920000000066),(24400,6,213,213,0,0.046000000000000034,646.7890000000067,659.7380000000067),(24401,6,214,214,0,2.359999999999851,651.5790000000067,662.0980000000066),(24402,6,215,215,0,4.421999999999811,652.7130000000067,666.5200000000063),(24403,6,216,216,0,0.17500000000000013,653.4470000000067,666.6950000000063),(24404,6,217,217,0,2.4099999999998456,656.9400000000064,669.1050000000062),(24405,6,218,218,0,2.812999999999801,657.2250000000064,671.9180000000059),(24406,6,219,219,0,5.952000000000322,657.6630000000064,677.8700000000063),(24407,6,220,220,0,5.16700000000006,664.461000000007,683.0370000000063),(24408,6,221,221,0,1.4549999999999506,665.1360000000069,684.4920000000062),(24409,6,222,222,0,1.5529999999999398,671.5490000000074,686.0450000000061),(24410,6,223,223,0,8.182000000000905,672.1700000000073,694.227000000007),(24411,6,224,224,0,5.043000000000019,675.5600000000071,699.270000000007),(24412,6,225,225,0,2.2099999999998676,676.0140000000071,701.480000000007),(24413,6,226,226,0,4.651999999999888,676.2280000000071,706.1320000000069),(24414,6,227,227,0,6.101000000000372,686.7950000000067,712.2330000000072),(24415,6,228,228,0,0.2450000000000002,687.7320000000067,712.4780000000072),(24416,6,229,229,0,12.319999999998611,698.2800000000062,724.7980000000058),(24417,6,230,230,0,0.8470000000000006,706.5710000000071,725.6450000000058),(24418,6,231,231,0,1.776999999999915,707.357000000007,727.4220000000057),(24419,6,232,232,0,3.512999999999724,708.7600000000069,730.9350000000054),(24420,6,233,233,0,1.0889999999999909,712.6170000000066,732.0240000000053),(24421,6,234,234,0,4.578999999999864,714.3940000000065,736.6030000000052),(24422,6,235,235,0,1.8019999999999123,716.8920000000063,738.4050000000051),(24423,6,236,236,0,0.10000000000000007,723.0720000000067,738.5050000000051),(24424,6,237,237,0,0.35000000000000026,729.7480000000073,738.8550000000051),(24425,6,238,238,0,0.7010000000000005,730.3890000000073,739.5560000000052),(24426,6,239,239,0,0.3070000000000002,732.8220000000072,739.8630000000052),(24427,6,240,240,0,0.19100000000000014,735.815000000007,740.0540000000052),(24428,6,241,241,0,2.7849999999998043,745.626000000007,748.4110000000069),(24429,6,242,242,0,0.4940000000000004,750.7670000000071,751.2610000000071),(24430,6,243,243,0,0.9980000000000008,755.669000000007,756.6670000000071),(24431,6,244,244,0,1.124999999999987,755.7100000000071,757.7920000000071),(24432,6,245,245,0,0.3990000000000003,757.593000000007,758.1910000000071),(24433,6,246,246,0,0.02100000000000001,764.7550000000077,764.7760000000077),(24434,6,247,247,0,0.07100000000000005,768.2170000000075,768.2880000000075),(24435,6,248,248,0,1.2729999999999706,772.8580000000073,774.1310000000074),(24436,6,249,249,0,1.1629999999999827,778.2160000000075,779.3790000000075),(24437,6,250,250,0,3.1079999999997687,780.7600000000074,783.8680000000071),(24438,6,251,251,0,0.47900000000000037,781.6320000000073,784.3470000000071),(24439,6,252,252,0,1.9019999999999013,782.5610000000073,786.2490000000071),(24440,6,253,253,0,4.283999999999765,784.6510000000072,790.5330000000068),(24441,6,254,254,0,3.167999999999762,785.9050000000072,793.7010000000066),(24442,6,255,255,0,0.34100000000000025,790.181000000007,794.0420000000066),(24443,6,256,256,0,5.882000000000299,790.895000000007,799.9240000000069),(24444,6,257,257,0,1.8089999999999116,795.0990000000068,801.7330000000068),(24445,6,258,258,0,2.577999999999827,795.7660000000068,804.3110000000066),(24446,6,259,259,0,0.25000000000000017,797.3460000000067,804.5610000000066),(24447,6,260,260,0,1.4299999999999533,798.1140000000067,805.9910000000066),(24448,6,261,261,0,1.387999999999958,799.7980000000067,807.3790000000065),(24449,6,262,262,0,0.8530000000000006,813.2250000000047,814.0780000000046),(24450,6,263,263,0,2.2649999999998616,815.4720000000045,817.7370000000044),(24451,6,264,264,0,5.386000000000133,815.8390000000045,823.1230000000045),(24452,6,265,265,0,0.7420000000000005,816.8170000000044,823.8650000000044),(24453,6,266,266,0,0.5180000000000003,821.9320000000045,824.3830000000045),(24454,6,267,267,0,0.08600000000000006,822.3240000000045,824.4690000000045),(24455,6,268,268,0,2.4839999999998374,833.9690000000035,836.4530000000033),(24456,6,269,269,0,1.8669999999999052,843.4490000000036,845.3160000000036),(24457,6,270,270,0,2.134999999999876,845.4110000000035,847.5460000000033),(24458,6,271,271,0,0.7330000000000005,851.919000000004,852.6520000000039),(24459,6,272,272,0,1.4769999999999481,854.5020000000038,855.9790000000038),(24460,6,273,273,0,0.20600000000000016,859.7980000000039,860.0040000000039),(24461,6,274,274,0,0.34200000000000025,861.1160000000039,861.4580000000038),(24462,6,275,275,0,5.714000000000243,861.2100000000039,867.1720000000041),(24463,6,276,276,0,6.21500000000041,867.3050000000043,873.5200000000046),(24464,6,277,277,0,0.6080000000000004,869.6490000000041,874.1280000000046),(24465,6,278,278,0,3.542999999999721,873.9300000000038,877.6710000000043),(24466,6,279,279,0,0.21100000000000016,874.0270000000038,877.8820000000043),(24467,6,280,280,0,1.9529999999998957,876.0790000000037,879.8350000000041),(24468,6,281,281,0,0.5740000000000004,876.3480000000037,880.4090000000041),(24469,6,282,282,0,0.8730000000000007,876.9570000000037,881.2820000000041),(24470,6,283,283,0,0.5720000000000004,877.7390000000038,881.8540000000041),(24471,6,284,284,0,0.46700000000000036,879.0680000000037,882.3210000000041),(24472,6,285,285,0,0.09900000000000007,880.5860000000037,882.4200000000042),(24473,6,286,286,0,10.960999999999364,882.2550000000036,893.3810000000035),(24474,6,287,287,0,1.7099999999999225,884.2500000000035,895.0910000000034),(24475,6,288,288,0,5.22500000000008,885.7290000000035,900.3160000000034),(24476,6,289,289,0,3.312999999999746,891.6420000000038,903.6290000000032),(24477,6,290,290,0,0.3140000000000002,892.3120000000038,903.9430000000032),(24478,6,291,291,0,0.25200000000000017,894.6830000000036,904.1950000000031),(24479,6,292,292,0,0.7090000000000005,894.9090000000036,904.9040000000031),(24480,6,293,293,0,2.306999999999857,894.9500000000037,907.211000000003),(24481,6,294,294,0,0.6810000000000005,896.3030000000036,907.892000000003),(24482,6,295,295,0,1.8279999999999095,898.6390000000035,909.7200000000029),(24483,6,296,296,0,0.4850000000000004,899.5230000000035,910.2050000000029),(24484,6,297,297,0,0.7260000000000005,902.0370000000033,910.9310000000029),(24485,6,298,298,0,2.91499999999979,904.8170000000032,913.8460000000026),(24486,6,299,299,0,2.703999999999813,905.1450000000032,916.5500000000025),(24487,6,300,300,0,0.5190000000000003,906.3480000000031,917.0690000000025),(24488,6,301,301,0,0.1360000000000001,907.949000000003,917.2050000000024),(24489,6,302,302,0,0.9930000000000008,908.0620000000031,918.1980000000025),(24490,6,303,303,0,0.10400000000000008,915.3120000000039,918.3020000000025),(24491,6,304,304,0,2.4459999999998416,922.6160000000046,925.0620000000044),(24492,6,305,305,0,0.4250000000000003,925.5760000000045,926.0010000000044),(24493,6,306,306,0,4.289999999999767,931.8840000000049,936.1740000000046),(24494,6,307,307,0,0.6480000000000005,932.0830000000049,936.8220000000047),(24495,6,308,308,0,3.123999999999767,935.9570000000045,939.9460000000045),(24496,6,309,309,0,3.848999999999687,938.7740000000043,943.7950000000042),(24497,6,310,310,0,0.7070000000000005,939.0930000000043,944.5020000000042),(24498,6,311,311,0,1.8929999999999023,941.9720000000041,946.3950000000041),(24499,6,312,312,0,1.5719999999999377,944.2380000000039,947.967000000004),(24500,6,313,313,0,1.0050000000000001,945.8330000000038,948.972000000004),(24501,6,314,314,0,0.4200000000000003,949.6860000000036,950.1060000000035),(24502,6,315,315,0,0.026000000000000016,953.6290000000032,953.6550000000032),(24503,6,316,316,0,1.3199999999999654,956.254000000003,957.5740000000029),(24504,6,317,317,0,2.324999999999855,970.3290000000006,972.6540000000005),(24505,6,318,318,0,3.085999999999771,970.8770000000006,975.7400000000002),(24506,6,319,319,0,1.895999999999902,972.4130000000006,977.6360000000002),(24507,6,320,320,0,3.312999999999746,973.3910000000005,980.949),(24508,6,321,321,0,2.1589999999998732,975.9440000000004,983.1079999999998),(24509,6,322,322,0,1.8459999999999075,985.5040000000006,987.3500000000005),(24510,6,323,323,0,0.5380000000000004,987.0630000000006,987.8880000000005),(24511,6,324,324,0,1.423999999999954,988.3840000000005,989.8080000000004),(24512,6,325,325,0,0.8320000000000006,991.2730000000003,992.1050000000002),(24513,6,326,326,0,0.5970000000000004,997.8890000000008,998.4860000000008),(24514,6,327,327,0,0.5120000000000003,998.5310000000009,999.0430000000008),(24515,6,328,328,0,0.4090000000000003,999.5760000000008,999.9850000000008),(24516,6,329,329,0,2.951999999999786,1005.170000000001,1008.1220000000008),(24517,7,0,0,0,4.431999999999815,2.997999999999781,7.429999999999596),(24518,7,1,1,1,59.59599999995181,4.28799999999975,63.883999999951556),(24519,7,2,2,2,17.45399999999835,19.573999999996715,37.02799999999506),(24520,7,3,3,3,83.9290000000367,25.76899999999712,109.69800000003382),(24521,7,4,4,4,15.884999999996635,26.970999999997098,42.855999999993735),(24522,7,5,5,5,117.50900000019703,31.75899999999703,149.26800000019406),(24523,7,6,6,6,33.59300000001241,32.15799999999703,65.75100000000944),(24524,7,7,7,7,12.583999999998465,34.89399999999684,47.477999999995305),(24525,7,8,8,8,44.80799999998627,35.28799999999684,80.09599999998312),(24526,7,9,9,9,54.464999999963766,36.512999999996815,90.97799999996059),(24527,7,10,10,10,57.974999999955585,38.056999999996755,96.03199999995235),(24528,7,11,11,11,4.80799999999994,46.82199999999734,51.62999999999728),(24529,7,12,12,0,146.03800000033326,65.48399999999717,211.52200000033042),(24530,7,13,13,1,65.73499999994982,65.59199999999717,131.326999999947),(24531,7,14,14,2,106.23700000014321,68.49899999999697,174.73600000014017),(24532,7,15,15,4,30.17000000001389,71.0509999999968,101.22100000001069),(24533,7,16,16,6,50.92199999997202,81.7819999999963,132.70399999996832),(24534,7,17,17,7,0.9810000000000008,83.28699999999624,84.26799999999623),(24535,7,18,18,8,40.87799999999543,84.84399999999619,125.72199999999162),(24536,7,19,19,11,24.055000000006416,85.63199999999618,109.6870000000026),(24537,7,20,20,7,57.10499999995761,91.56899999999649,148.6739999999541),(24538,7,21,21,9,35.42500000000814,92.35099999999649,127.77600000000463),(24539,7,22,22,10,1.9909999999998915,97.78499999999664,99.77599999999653),(24540,7,23,23,10,36.88700000000473,98.68299999999664,136.66300000000126),(24541,7,24,24,4,295.6489999999207,101.48299999999644,397.1319999999171),(24542,7,25,25,11,153.73200000037,108.83199999999722,263.4190000003726),(24543,7,26,26,3,84.17300000003786,115.02899999999762,199.20200000003547),(24544,7,27,27,8,72.39599999998163,118.74699999999733,198.11799999997325),(24545,7,28,28,9,113.14400000017619,122.19099999999706,240.92000000018083),(24546,7,29,29,10,8.889000000000513,139.7329999999955,148.62199999999604),(24547,7,30,30,1,65.7109999999497,159.69099999999693,225.40199999994664),(24548,7,31,31,5,126.48100000023987,159.84399999999692,286.3250000002368),(24549,7,32,32,6,69.68099999996866,161.42899999999685,231.1099999999655),(24550,7,33,33,7,65.24599999994749,161.84699999999685,227.09299999994434),(24551,7,34,34,10,6.667000000000561,163.05299999999684,169.7199999999974),(24552,7,35,35,10,17.637999999998573,163.41799999999685,187.357999999996),(24553,7,36,36,2,50.78899999997233,165.44599999999673,225.52500000011253),(24554,7,37,37,10,59.703999999951556,166.02599999999674,247.06199999994752),(24555,7,38,38,8,41.14399999999481,170.9109999999967,239.26199999996805),(24556,7,39,39,3,12.767999999998363,171.4889999999967,211.97000000003385),(24557,7,40,40,0,84.51900000003951,172.5429999999967,296.04100000037),(24558,7,41,41,3,9.748000000000037,176.51999999999637,221.7180000000339),(24559,7,42,42,3,163.94000000041873,181.10099999999625,385.6580000004526),(24560,7,43,43,1,11.717999999998945,185.27199999999598,237.11999999994558),(24561,7,44,44,2,0.9880000000000008,187.31199999999586,226.51300000011253),(24562,7,45,45,2,93.59600000008285,191.17699999999556,320.10900000019535),(24563,7,46,46,7,88.69500000005945,192.56299999999553,315.78800000000376),(24564,7,47,47,6,99.9720000001133,195.40299999999533,331.0820000000788),(24565,7,48,48,1,17.579999999998503,198.99699999999504,254.69999999994408),(24566,7,49,49,8,22.295000000004265,206.2579999999958,261.55699999997233),(24567,7,50,50,9,104.95300000013708,207.3419999999958,345.8730000003179),(24568,7,51,51,10,260.98200000074047,207.4849999999958,508.044000000688),(24569,7,52,52,1,103.31000000012924,209.3739999999957,358.0100000000733),(24570,7,53,53,8,42.2639999999922,210.2369999999957,303.82099999996456),(24571,7,54,54,11,28.1340000000114,212.1459999999956,291.55300000038403),(24572,7,55,55,5,34.66600000000991,220.86199999999621,320.99100000024674),(24573,7,56,56,11,33.239000000013235,230.04899999999657,324.7920000003973),(24574,7,57,57,0,35.00900000000911,241.14799999999585,331.05000000037916),(24575,7,58,58,8,55.81899999996061,245.01699999999553,359.63999999992524),(24576,7,59,59,7,0.36800000000000027,257.0429999999943,316.15600000000387),(24577,7,60,60,7,29.10600000001259,271.4229999999918,345.2620000000165),(24578,7,61,61,2,55.623999999961065,272.01099999999184,375.73300000015655),(24579,7,62,62,5,95.12300000009014,286.0529999999895,416.11400000033694),(24580,7,63,63,11,38.966999999999885,287.6659999999894,363.75900000039724),(24581,7,64,64,0,39.339999999999016,290.31799999998924,370.3900000003782),(24582,7,65,65,6,36.86300000000479,293.27099999998904,367.9450000000837),(24583,7,66,66,7,3.6799999999997057,294.18099999998907,348.94200000001626),(24584,7,67,67,9,58.92199999995338,296.9099999999889,404.79500000027144),(24585,7,68,68,7,62.574999999944865,299.44999999998873,411.5169999999611),(24586,7,69,69,1,78.68200000001164,304.3719999999887,436.69200000008516),(24587,7,70,70,8,12.310999999998616,312.24099999998964,371.9509999999239),(24588,7,71,71,11,6.001000000000339,314.3429999999895,369.7600000003976),(24589,7,72,72,6,16.826999999997582,316.2859999999894,384.77200000008133),(24590,7,73,73,11,16.814999999997568,324.1229999999903,386.57500000039516),(24591,7,74,74,0,70.76499999997384,331.56399999999115,441.15500000035206),(24592,7,75,75,8,9.570000000000135,340.4649999999917,381.520999999924),(24593,7,76,76,2,81.87500000002689,343.7159999999914,457.6080000001835),(24594,7,77,77,8,46.6829999999819,371.5180000000024,428.203999999906),(24595,7,78,78,6,243.1000000007967,372.77500000000236,627.8720000008781),(24596,7,79,79,3,115.22500000018613,380.4770000000033,500.88300000063896),(24597,7,80,80,11,15.482999999996858,384.36600000000294,402.0580000003921),(24598,7,81,81,4,52.692999999967896,401.7470000000012,454.43999999996913),(24599,7,82,82,9,10.524999999999606,410.4830000000018,421.0080000000014),(24600,7,83,83,11,16.592999999997296,441.76400000001706,458.35700000001435),(24601,7,84,84,0,13.815999999997782,455.6530000000148,469.46900000001256),(24602,7,85,85,1,98.95400000010844,465.8710000000146,564.825000000123),(24603,7,86,86,2,121.63200000021672,480.41500000001196,602.0470000002286),(24604,7,87,87,4,3.9019999999996813,497.2880000000096,501.1900000000093),(24605,7,88,88,5,178.8870000004901,504.0540000000102,682.9410000005003),(24606,7,89,89,7,31.320000000015295,511.97000000001117,543.2900000000265),(24607,7,90,90,8,17.83899999999882,513.4540000000111,531.2930000000099),(24608,7,91,91,9,21.3430000000031,521.743000000012,543.0860000000151),(24609,7,92,92,10,65.14599999994701,524.4150000000118,589.5609999999588),(24610,7,93,93,11,20.17900000000168,536.5080000000105,556.6870000000122),(24611,7,94,94,0,3.903999999999681,549.1910000000089,553.0950000000086),(24612,7,95,95,3,18.99200000000023,555.1400000000092,574.1320000000094),(24613,7,96,96,4,51.01399999997181,555.8470000000092,606.860999999981),(24614,7,97,97,7,20.872000000002526,561.8840000000096,582.7560000000121),(24615,7,98,98,8,51.620999999970394,566.6620000000095,618.2829999999799),(24616,7,99,99,9,15.049999999997098,578.2880000000084,593.3380000000055),(24617,7,100,100,11,16.511999999997197,582.6440000000082,599.1560000000054),(24618,7,101,101,0,33.608000000012375,590.8640000000091,624.4720000000215),(24619,7,102,102,1,14.078999999997636,592.7990000000091,606.8780000000068),(24620,7,103,103,3,47.52499999997994,596.2380000000088,643.7629999999888),(24621,7,104,104,7,10.958999999999365,596.6320000000088,607.5910000000082),(24622,7,105,105,8,41.29599999999446,619.3590000000136,660.655000000008),(24623,8,0,0,0,1.5000150001500014,1.6159999999999328,3.1160150001499343),(24624,8,1,1,0,1.5000150001500014,3.7309999999998107,5.231015000149812),(24625,8,2,2,0,1.5000150001500014,7.0829999999995525,8.583015000149555),(24626,8,3,3,0,1.5000150001500014,10.160999999999325,11.661015000149327),(24627,8,4,4,0,1.5000150001500014,10.708999999999325,13.161030000299329),(24628,8,5,5,0,1.5000150001500014,11.576999999999325,14.661045000449331),(24629,8,6,6,0,1.5000150001500014,12.168999999999325,16.16106000059933),(24630,8,7,7,0,1.5000150001500014,17.623999999999484,19.124015000149484),(24631,8,8,8,0,1.5000150001500014,22.33599999999939,23.83601500014939),(24632,8,9,9,0,1.5000150001500014,24.602999999999252,26.103015000149252),(24633,8,10,10,0,1.5000150001500014,26.694999999999133,28.195015000149134),(24634,8,11,11,0,1.5000150001500014,27.013999999999132,29.695030000299134),(24635,8,12,12,0,1.5000150001500014,30.053999999998908,31.554015000148908),(24636,8,13,13,0,1.5000150001500014,31.76799999999883,33.26801500014883),(24637,8,14,14,0,1.5000150001500014,33.346999999998765,34.847015000148765),(24638,8,15,15,0,1.5000150001500014,36.40999999999854,37.91001500014854),(24639,8,16,16,0,1.5000150001500014,39.720999999998284,41.221015000148284),(24640,8,17,17,0,1.5000150001500014,42.370999999998105,43.871015000148105),(24641,8,18,18,0,1.5000150001500014,43.04699999999811,45.371030000298106),(24642,8,19,19,0,1.5000150001500014,45.76499999999792,47.26501500014792),(24643,8,20,20,0,1.5000150001500014,47.69599999999782,49.19601500014782),(24644,8,21,21,0,1.5000150001500014,49.39299999999774,50.89301500014774),(24645,8,22,22,0,1.5000150001500014,52.52099999999751,54.02101500014751),(24646,8,23,23,0,1.5000150001500014,52.93499999999751,55.52103000029751),(24647,8,24,24,0,1.5000150001500014,53.73599999999751,57.02104500044751),(24648,8,25,25,0,1.5000150001500014,59.24499999999769,60.74501500014769),(24649,8,26,26,0,1.5000150001500014,61.38999999999756,62.890015000147564),(24650,8,27,27,0,1.5000150001500014,62.074999999997566,64.39003000029757),(24651,8,28,28,0,1.5000150001500014,64.77099999999739,66.27101500014739),(24652,8,29,29,0,1.5000150001500014,65.76299999999739,67.77103000029739),(24653,8,30,30,0,1.5000150001500014,67.87499999999727,69.37501500014727),(24654,8,31,31,0,1.5000150001500014,68.66599999999727,70.87503000029727),(24655,8,32,32,0,1.5000150001500014,70.76299999999715,72.37504500044727),(24656,8,33,33,0,1.5000150001500014,73.83599999999691,75.33601500014692),(24657,8,34,34,0,1.5000150001500014,74.32899999999691,76.83603000029692),(24658,8,35,35,0,1.5000150001500014,74.89799999999691,78.33604500044692),(24659,8,36,36,0,1.5000150001500014,75.45599999999692,79.83606000059692),(24660,8,37,37,0,1.5000150001500014,80.29399999999687,81.79401500014687),(24661,8,38,38,0,1.5000150001500014,83.14299999999666,84.64301500014666),(24662,8,39,39,0,1.5000150001500014,84.6519999999966,86.1520150001466),(24663,8,40,40,0,1.5000150001500014,87.08099999999645,88.58101500014645),(24664,8,41,41,0,1.5000150001500014,88.29599999999643,90.08103000029645),(24665,8,42,42,0,1.5000150001500014,88.34499999999643,91.58104500044645),(24666,8,43,43,0,1.5000150001500014,89.66399999999639,93.08106000059645),(24667,8,44,44,0,1.5000150001500014,90.87999999999637,94.58107500074645),(24668,8,45,45,0,1.5000150001500014,91.10199999999637,96.08109000089645),(24669,8,46,46,0,1.5000150001500014,91.31799999999636,97.58110500104645),(24670,8,47,47,0,1.5000150001500014,92.32099999999636,99.08112000119645),(24671,8,48,48,0,1.5000150001500014,95.33899999999613,100.58113500134645),(24672,8,49,49,0,1.5000150001500014,97.40499999999602,102.08115000149645),(24673,8,50,50,0,1.5000150001500014,97.87499999999602,103.58116500164645),(24674,8,51,51,0,1.5000150001500014,101.69799999999572,105.08118000179645),(24675,8,52,52,0,1.5000150001500014,104.82199999999548,106.58119500194645),(24676,8,53,53,0,1.5000150001500014,105.02899999999548,108.08121000209646),(24677,8,54,54,0,1.5000150001500014,107.09799999999537,109.58122500224646),(24678,8,55,55,0,1.5000150001500014,107.95899999999537,111.08124000239646),(24679,8,56,56,0,1.5000150001500014,108.40699999999536,112.58125500254646),(24680,8,57,57,0,1.5000150001500014,109.80599999999532,114.08127000269646),(24681,8,58,58,0,1.5000150001500014,109.93999999999532,115.58128500284646),(24682,8,59,59,0,1.5000150001500014,113.10999999999508,117.08130000299646),(24683,8,60,60,0,1.5000150001500014,114.960999999995,118.58131500314646),(24684,8,61,61,0,1.5000150001500014,117.22499999999486,120.08133000329646),(24685,8,62,62,0,1.5000150001500014,118.51099999999484,121.58134500344646),(24686,8,63,63,0,1.5000150001500014,122.61999999999455,124.12001500014455),(24687,8,64,64,0,1.5000150001500014,123.92799999999451,125.62003000029455),(24688,8,65,65,0,1.5000150001500014,125.12599999999449,127.12004500044455),(24689,8,66,66,0,1.5000150001500014,125.45199999999448,128.62006000059455),(24690,8,67,67,0,1.5000150001500014,126.13199999999449,130.12007500074455),(24691,8,68,68,0,1.5000150001500014,127.71699999999443,131.62009000089455),(24692,8,69,69,0,1.5000150001500014,128.06999999999442,133.12010500104455),(24693,8,70,70,0,1.5000150001500014,128.17999999999444,134.62012000119455),(24694,8,71,71,0,1.5000150001500014,131.66799999999415,136.12013500134455),(24695,8,72,72,0,1.5000150001500014,133.31199999999407,137.62015000149455),(24696,8,73,73,0,1.5000150001500014,137.7379999999939,139.2380150001439),(24697,8,74,74,0,1.5000150001500014,138.03399999999388,140.7380300002939),(24698,8,75,75,0,1.5000150001500014,140.87399999999369,142.3740150001437),(24699,8,76,76,0,1.5000150001500014,141.2629999999937,143.8740300002937),(24700,8,77,77,0,1.5000150001500014,144.40999999999346,145.91001500014346),(24701,8,78,78,0,1.5000150001500014,145.38999999999345,147.41003000029346),(24702,8,79,79,0,1.5000150001500014,147.5339999999933,149.0340150001433),(24703,8,80,80,0,1.5000150001500014,147.6159999999933,150.5340300002933),(24704,8,81,81,0,1.5000150001500014,147.8939999999933,152.0340450004433),(24705,8,82,82,0,1.5000150001500014,148.67099999999328,153.5340600005933),(24706,8,83,83,0,1.5000150001500014,151.88799999999304,155.03407500074331),(24707,8,84,84,0,1.5000150001500014,155.26499999999277,156.76501500014277),(24708,8,85,85,0,1.5000150001500014,155.38699999999278,158.26503000029277),(24709,8,86,86,0,1.5000150001500014,155.7879999999928,159.76504500044277),(24710,8,87,87,0,1.5000150001500014,156.86699999999277,161.26506000059277),(24711,8,88,88,0,1.5000150001500014,158.22399999999274,162.76507500074277),(24712,8,89,89,0,1.5000150001500014,158.26999999999273,164.26509000089277),(24713,8,90,90,0,1.5000150001500014,158.27299999999272,165.76510500104277),(24714,8,91,91,0,1.5000150001500014,161.4629999999925,167.26512000119277),(24715,8,92,92,0,1.5000150001500014,166.8459999999926,168.76513500134277),(24716,8,93,93,0,1.5000150001500014,168.7409999999925,170.26515000149277),(24717,8,94,94,0,1.5000150001500014,169.4439999999925,171.76516500164277),(24718,8,95,95,0,1.5000150001500014,172.80099999999226,174.30101500014226),(24719,8,96,96,0,1.5000150001500014,173.44199999999225,175.80103000029226),(24720,8,97,97,0,1.5000150001500014,173.72999999999226,177.30104500044226),(24721,8,98,98,0,1.5000150001500014,174.05499999999225,178.80106000059226),(24722,8,99,99,0,1.5000150001500014,177.236999999992,180.30107500074226),(24723,8,100,100,0,1.5000150001500014,178.75999999999195,181.80109000089226),(24724,8,101,101,0,1.5000150001500014,181.0579999999918,183.30110500104226),(24725,8,102,102,0,1.5000150001500014,181.1999999999918,184.80112000119226),(24726,8,103,103,0,1.5000150001500014,184.44199999999157,186.30113500134226),(24727,8,104,104,0,1.5000150001500014,185.59699999999154,187.80115000149226),(24728,8,105,105,0,1.5000150001500014,186.80299999999153,189.30116500164226),(24729,8,106,106,0,1.5000150001500014,187.00299999999152,190.80118000179226),(24730,8,107,107,0,1.5000150001500014,187.5179999999915,192.30119500194226),(24731,8,108,108,0,1.5000150001500014,188.2899999999915,193.80121000209226),(24732,8,109,109,0,1.5000150001500014,188.6429999999915,195.30122500224226),(24733,8,110,110,0,1.5000150001500014,189.4239999999915,196.80124000239226),(24734,8,111,111,0,1.5000150001500014,190.46699999999151,198.30125500254226),(24735,8,112,112,0,1.5000150001500014,192.5379999999914,199.80127000269226),(24736,8,113,113,0,1.5000150001500014,198.1229999999916,201.30128500284226),(24737,8,114,114,0,1.5000150001500014,198.3889999999916,202.80130000299226),(24738,8,115,115,0,1.5000150001500014,199.1589999999916,204.30131500314226),(24739,8,116,116,0,1.5000150001500014,201.1299999999915,205.80133000329226),(24740,8,117,117,0,1.5000150001500014,203.8939999999913,207.30134500344226),(24741,8,118,118,0,1.5000150001500014,204.16999999999132,208.80136000359227),(24742,8,119,119,0,1.5000150001500014,206.95699999999113,210.30137500374227),(24743,8,120,120,0,1.5000150001500014,207.35399999999112,211.80139000389227),(24744,8,121,121,0,1.5000150001500014,208.5299999999911,213.30140500404227),(24745,8,122,122,0,1.5000150001500014,209.0339999999911,214.80142000419227),(24746,8,123,123,0,1.5000150001500014,209.7969999999911,216.30143500434227),(24747,8,124,124,0,1.5000150001500014,210.7449999999911,217.80145000449227),(24748,8,125,125,0,1.5000150001500014,214.43399999999082,219.30146500464227),(24749,8,126,126,0,1.5000150001500014,216.39099999999073,220.80148000479227),(24750,8,127,127,0,1.5000150001500014,217.95799999999068,222.30149500494227),(24751,8,128,128,0,1.5000150001500014,219.27599999999063,223.80151000509227),(24752,8,129,129,0,1.5000150001500014,222.3979999999904,225.30152500524227),(24753,8,130,130,0,1.5000150001500014,223.34899999999038,226.80154000539227),(24754,8,131,131,0,1.5000150001500014,226.8749999999901,228.3750150001401),(24755,8,132,132,0,1.5000150001500014,228.60699999999002,230.10701500014002),(24756,8,133,133,0,1.5000150001500014,228.73099999999002,231.60703000029002),(24757,8,134,134,0,1.5000150001500014,230.02499999998997,233.10704500044002),(24758,8,135,135,0,1.5000150001500014,231.20099999998996,234.60706000059002),(24759,8,136,136,0,1.5000150001500014,234.33299999998974,236.10707500074002),(24760,8,137,137,0,1.5000150001500014,234.39899999998974,237.60709000089003),(24761,8,138,138,0,1.5000150001500014,234.71899999998973,239.10710500104003),(24762,8,139,139,0,1.5000150001500014,239.80399999998977,241.30401500013977),(24763,8,140,140,0,1.5000150001500014,240.01199999998977,242.80403000028977),(24764,8,141,141,0,1.5000150001500014,241.71999999998968,244.30404500043977),(24765,8,142,142,0,1.5000150001500014,244.84099999998944,246.34101500013944),(24766,8,143,143,0,1.5000150001500014,245.03999999998945,247.84103000028944),(24767,8,144,144,0,1.5000150001500014,248.24799999998922,249.74801500013922),(24768,8,145,145,0,1.5000150001500014,248.71499999998923,251.24803000028922),(24769,8,146,146,0,1.5000150001500014,249.82099999998923,252.74804500043922),(24770,8,147,147,0,1.5000150001500014,253.04899999998898,254.54901500013898),(24771,8,148,148,0,1.5000150001500014,255.6299999999888,257.1300150001388),(24772,8,149,149,0,1.5000150001500014,257.7399999999887,259.2400150001387),(24773,8,150,150,0,1.5000150001500014,259.25399999998865,260.7540150001387),(24774,8,151,151,0,1.5000150001500014,261.8429999999885,263.3430150001385),(24775,8,152,152,0,1.5000150001500014,263.0109999999885,264.84303000028854),(24776,8,153,153,0,1.5000150001500014,263.2009999999885,266.34304500043856),(24777,8,154,154,0,1.5000150001500014,265.0329999999884,267.8430600005886),(24778,8,155,155,0,1.5000150001500014,265.4179999999884,269.3430750007386),(24779,8,156,156,0,1.5000150001500014,268.43299999998817,270.84309000088865),(24780,8,157,157,0,1.5000150001500014,268.5769999999882,272.3431050010387),(24781,8,158,158,0,1.5000150001500014,271.63699999998795,273.8431200011887),(24782,8,159,159,0,1.5000150001500014,273.5269999999879,275.34313500133874),(24783,8,160,160,0,1.5000150001500014,273.9789999999879,276.84315000148877),(24784,8,161,161,0,1.5000150001500014,276.69699999998767,278.3431650016388),(24785,8,162,162,0,1.5000150001500014,278.3219999999876,279.8431800017888),(24786,8,163,163,0,1.5000150001500014,280.4179999999875,281.91801500013753),(24787,8,164,164,0,1.5000150001500014,283.3109999999873,284.81101500013733),(24788,8,165,165,0,1.5000150001500014,284.0679999999873,286.31103000028736),(24789,8,166,166,0,1.5000150001500014,285.1159999999873,287.8110450004374),(24790,8,167,167,0,1.5000150001500014,288.42699999998706,289.9270150001371),(24791,8,168,168,0,1.5000150001500014,290.020999999987,291.521015000137),(24792,8,169,169,0,1.5000150001500014,294.6959999999869,296.1960150001369),(24793,8,170,170,0,1.5000150001500014,295.1199999999869,297.69603000028695),(24794,8,171,171,0,1.5000150001500014,297.94199999998665,299.4420150001367),(24795,8,172,172,0,1.5000150001500014,301.4479999999864,302.9480150001364),(24796,8,173,173,0,1.5000150001500014,304.0569999999862,305.55701500013623),(24797,8,174,174,0,1.5000150001500014,308.8729999999861,310.37301500013615),(24798,8,175,175,0,1.5000150001500014,314.26499999998623,315.76501500013626),(24799,8,176,176,0,1.5000150001500014,315.31299999998623,317.2650300002863),(24800,8,177,177,0,1.5000150001500014,316.6479999999862,318.7650450004363),(24801,8,178,178,0,1.5000150001500014,317.6809999999862,320.26506000058635),(24802,8,179,179,0,1.5000150001500014,318.8979999999862,321.7650750007364),(24803,8,180,180,0,1.5000150001500014,318.9099999999862,323.2650900008864),(24804,8,181,181,0,1.5000150001500014,332.01699999998436,333.5170150001344),(24805,8,182,182,0,1.5000150001500014,333.8329999999843,335.3330150001343),(24806,8,183,183,0,1.5000150001500014,338.73099999998425,340.2310150001343),(24807,8,184,184,0,1.5000150001500014,341.68599999998406,343.1860150001341),(24808,8,185,185,0,1.5000150001500014,344.3859999999839,345.8860150001339),(24809,8,186,186,0,1.5000150001500014,347.0929999999837,348.59301500013373),(24810,8,187,187,0,1.5000150001500014,347.5839999999837,350.09303000028376),(24811,8,188,188,0,1.5000150001500014,349.20599999998365,351.5930450004338),(24812,8,189,189,0,1.5000150001500014,351.4379999999835,353.0930600005838),(24813,8,190,190,0,1.5000150001500014,352.2259999999835,354.59307500073385),(24814,8,191,191,0,1.5000150001500014,360.54199999998434,362.04201500013437),(24815,8,192,192,0,1.5000150001500014,364.30699999998404,365.8070150001341),(24816,8,193,193,0,1.5000150001500014,367.93199999998376,369.4320150001338),(24817,8,194,194,0,1.5000150001500014,368.2629999999838,370.9320300002838),(24818,8,195,195,0,1.5000150001500014,368.3059999999838,372.43204500043385),(24819,8,196,196,0,1.5000150001500014,371.7619999999835,373.9320600005839),(24820,8,197,197,0,1.5000150001500014,373.54199999998343,375.4320750007339),(24821,8,198,198,0,1.5000150001500014,374.6409999999834,376.93209000088393),(24822,8,199,199,0,1.5000150001500014,375.50099999998343,378.43210500103396),(24823,8,200,200,0,1.5000150001500014,376.38699999998346,379.932120001184),(24824,8,201,201,0,1.5000150001500014,381.89299999998366,383.3930150001337),(24825,8,202,202,0,1.5000150001500014,383.3489999999836,384.8930300002837),(24826,8,203,203,0,1.5000150001500014,387.58799999998337,389.0880150001334),(24827,8,204,204,0,1.5000150001500014,388.7459999999833,390.5880300002834),(24828,8,205,205,0,1.5000150001500014,389.7639999999833,392.08804500043345),(24829,8,206,206,0,1.5000150001500014,391.4909999999832,393.5880600005835),(24830,8,207,207,0,1.5000150001500014,392.1229999999832,395.0880750007335),(24831,8,208,208,0,1.5000150001500014,396.30499999998295,397.805015000133),(24832,8,209,209,0,1.5000150001500014,396.33199999998294,399.305030000283),(24833,8,210,210,0,1.5000150001500014,401.535999999983,403.03601500013303),(24834,8,211,211,0,1.5000150001500014,404.1689999999828,405.66901500013284),(24835,8,212,212,0,1.5000150001500014,407.8409999999825,409.34101500013253),(24836,8,213,213,0,1.5000150001500014,409.54099999998243,411.04101500013246),(24837,8,214,214,0,1.5000150001500014,412.6919999999822,414.19201500013224),(24838,8,215,215,0,1.5000150001500014,414.24199999998217,415.7420150001322),(24839,8,216,216,0,1.5000150001500014,415.0629999999822,417.2420300002822),(24840,8,217,217,0,1.5000150001500014,422.12099999998287,423.6210150001329),(24841,8,218,218,0,1.5000150001500014,426.2549999999826,427.75501500013263),(24842,8,219,219,0,1.5000150001500014,429.43599999998236,430.9360150001324),(24843,8,220,220,0,1.5000150001500014,430.29599999998237,432.4360300002824),(24844,8,221,221,0,1.5000150001500014,431.9859999999823,433.93604500043244),(24845,8,222,222,0,1.5000150001500014,434.2989999999822,435.7990150001322),(24846,8,223,223,0,1.5000150001500014,435.9169999999821,437.41701500013215),(24847,8,224,224,0,1.5000150001500014,436.07499999998214,438.9170300002822),(24848,8,225,225,0,1.5000150001500014,439.6629999999819,441.1630150001319),(24849,8,226,226,0,1.5000150001500014,443.1019999999816,444.60201500013164),(24850,8,227,227,0,1.5000150001500014,445.8239999999814,447.32401500013145),(24851,8,228,228,0,1.5000150001500014,446.6679999999814,448.8240300002815),(24852,8,229,229,0,1.5000150001500014,446.8169999999814,450.3240450004315),(24853,8,230,230,0,1.5000150001500014,449.43899999998126,451.82406000058154),(24854,8,231,231,0,1.5000150001500014,450.7659999999812,453.32407500073157),(24855,8,232,232,0,1.5000150001500014,450.8889999999812,454.8240900008816),(24856,8,233,233,0,1.5000150001500014,451.0099999999812,456.3241050010316),(24857,8,234,234,0,1.5000150001500014,454.38799999998093,457.82412000118165),(24858,8,235,235,0,1.5000150001500014,455.04099999998095,459.3241350013317),(24859,8,236,236,0,1.5000150001500014,455.635999999981,460.8241500014817),(24860,8,237,237,0,1.5000150001500014,456.75999999998095,462.32416500163174),(24861,8,238,238,0,1.5000150001500014,457.32399999998097,463.82418000178177),(24862,8,239,239,0,1.5000150001500014,457.85299999998097,465.3241950019318),(24863,8,240,240,0,1.5000150001500014,458.19199999998096,466.8242100020818),(24864,8,241,241,0,1.5000150001500014,458.73299999998096,468.32422500223186),(24865,8,242,242,0,1.5000150001500014,458.96199999998095,469.8242400023819),(24866,8,243,243,0,1.5000150001500014,466.69999999998186,471.3242550025319),(24867,8,244,244,0,1.5000150001500014,467.73899999998184,472.82427000268194),(24868,8,245,245,0,1.5000150001500014,470.62899999998166,474.32428500283197),(24869,8,246,246,0,1.5000150001500014,471.0489999999817,475.824300002982),(24870,8,247,247,0,1.5000150001500014,471.4299999999817,477.324315003132),(24871,8,248,248,0,1.5000150001500014,473.20699999998163,478.82433000328206),(24872,8,249,249,0,1.5000150001500014,475.88499999998146,480.3243450034321),(24873,8,250,250,0,1.5000150001500014,482.405999999982,483.906015000132),(24874,8,251,251,0,1.5000150001500014,483.76999999998196,485.40603000028204),(24875,8,252,252,0,1.5000150001500014,488.68599999998196,490.186015000132),(24876,8,253,253,0,1.5000150001500014,489.530999999982,491.686030000282),(24877,8,254,254,0,1.5000150001500014,489.714999999982,493.18604500043205),(24878,8,255,255,0,1.5000150001500014,494.2799999999819,495.7800150001319),(24879,8,256,256,0,1.5000150001500014,500.5129999999823,502.0130150001323),(24880,8,257,257,0,1.5000150001500014,500.6459999999823,503.51303000028236),(24881,8,258,258,0,1.5000150001500014,500.83699999998225,505.0130450004324),(24882,8,259,259,0,1.5000150001500014,502.01499999998225,506.5130600005824),(24883,8,260,260,0,1.5000150001500014,502.55099999998225,508.01307500073244),(24884,8,261,261,0,1.5000150001500014,502.94999999998225,509.51309000088247),(24885,8,262,262,0,1.5000150001500014,505.10399999998214,511.0131050010325),(24886,8,263,263,0,1.5000150001500014,506.2059999999821,512.5131200011825),(24887,8,264,264,0,1.5000150001500014,507.3359999999821,514.0131350013326),(24888,8,265,265,0,1.5000150001500014,514.1319999999827,515.6320150001327),(24889,8,266,266,0,1.5000150001500014,515.2339999999826,517.1320300002827),(24890,8,267,267,0,1.5000150001500014,517.2079999999826,518.7080150001326),(24891,8,268,268,0,1.5000150001500014,517.2149999999825,520.2080300002826),(24892,8,269,269,0,1.5000150001500014,525.0409999999835,526.5410150001335),(24893,8,270,270,0,1.5000150001500014,531.0729999999838,532.5730150001339),(24894,8,271,271,0,1.5000150001500014,532.8999999999837,534.4000150001337),(24895,8,272,272,0,1.5000150001500014,532.9829999999837,535.9000300002838),(24896,8,273,273,0,1.5000150001500014,534.7839999999836,537.4000450004338),(24897,8,274,274,0,1.5000150001500014,535.0559999999837,538.9000600005838),(24898,8,275,275,0,1.5000150001500014,535.9609999999836,540.4000750007339),(24899,8,276,276,0,1.5000150001500014,536.5599999999837,541.9000900008839),(24900,8,277,277,0,1.5000150001500014,540.7639999999834,543.4001050010339),(24901,8,278,278,0,1.5000150001500014,540.8719999999834,544.900120001184),(24902,8,279,279,0,1.5000150001500014,543.1399999999833,546.400135001334),(24903,8,280,280,0,1.5000150001500014,543.4099999999833,547.900150001484),(24904,8,281,281,0,1.5000150001500014,543.9049999999833,549.400165001634),(24905,8,282,282,0,1.5000150001500014,544.0949999999833,550.9001800017841),(24906,8,283,283,0,1.5000150001500014,544.3169999999833,552.4001950019341),(24907,8,284,284,0,1.5000150001500014,544.9199999999832,553.9002100020841),(24908,8,285,285,0,1.5000150001500014,546.7709999999831,555.4002250022342),(24909,8,286,286,0,1.5000150001500014,549.215999999983,556.9002400023842),(24910,8,287,287,0,1.5000150001500014,549.883999999983,558.4002550025342),(24911,8,288,288,0,1.5000150001500014,550.8909999999829,559.9002700026842),(24912,8,289,289,0,1.5000150001500014,551.681999999983,561.4002850028343),(24913,8,290,290,0,1.5000150001500014,552.4089999999829,562.9003000029843),(24914,8,291,291,0,1.5000150001500014,554.3519999999828,564.4003150031343),(24915,8,292,292,0,1.5000150001500014,555.4249999999828,565.9003300032844),(24916,8,293,293,0,1.5000150001500014,565.9869999999823,567.4870150001324),(24917,8,294,294,0,1.5000150001500014,566.9309999999823,568.9870300002824),(24918,8,295,295,0,1.5000150001500014,567.4599999999823,570.4870450004324),(24919,8,296,296,0,1.5000150001500014,567.8339999999823,571.9870600005825),(24920,8,297,297,0,1.5000150001500014,568.0219999999823,573.4870750007325),(24921,8,298,298,0,1.5000150001500014,571.549999999982,574.9870900008825),(24922,8,299,299,0,1.5000150001500014,572.548999999982,576.4871050010325),(24923,8,300,300,0,1.5000150001500014,572.696999999982,577.9871200011826),(24924,8,301,301,0,1.5000150001500014,572.726999999982,579.4871350013326),(24925,8,302,302,0,1.5000150001500014,574.574999999982,580.9871500014826),(24926,8,303,303,0,1.5000150001500014,580.2789999999823,582.4871650016327),(24927,8,304,304,0,1.5000150001500014,582.8159999999821,584.3160150001321),(24928,8,305,305,0,1.5000150001500014,584.328999999982,585.829015000132),(24929,8,306,306,0,1.5000150001500014,585.004999999982,587.329030000282),(24930,8,307,307,0,1.5000150001500014,585.073999999982,588.8290450004321),(24931,8,308,308,0,1.5000150001500014,585.454999999982,590.3290600005821),(24932,8,309,309,0,1.5000150001500014,587.7739999999818,591.8290750007321),(24933,8,310,310,0,1.5000150001500014,590.1249999999817,593.3290900008822),(24934,8,311,311,0,1.5000150001500014,591.1659999999816,594.8291050010322),(24935,8,312,312,0,1.5000150001500014,594.4069999999814,596.3291200011822),(24936,8,313,313,0,1.5000150001500014,598.9579999999812,600.4580150001312),(24937,8,314,314,0,1.5000150001500014,599.1419999999812,601.9580300002813),(24938,8,315,315,0,1.5000150001500014,603.0319999999808,604.5320150001309),(24939,9,0,0,0,7,34.191000000011016,41.191000000011016),(24940,9,1,1,0,7,37.75800000001073,48.191000000011016),(24941,9,2,2,0,9,38.46800000001073,57.191000000011016),(24942,9,3,3,0,7,43.18700000001064,64.19100000001102),(24943,9,4,4,0,7,43.771000000010645,71.19100000001102),(24944,9,5,5,0,9,68.41400000001778,80.19100000001102),(24945,9,6,6,0,7,77.25900000001832,87.19100000001102),(24946,9,7,7,0,7,84.53800000001908,94.19100000001102),(24947,9,8,8,0,7,96.41200000001794,103.41200000001794),(24948,9,9,9,0,8,129.96100000003045,137.96100000003045),(24949,9,10,10,0,8,146.758000000028,154.758000000028),(24950,9,11,11,0,7,159.6450000000263,166.6450000000263),(24951,9,12,12,0,7,163.379000000026,173.6450000000263),(24952,9,13,13,0,7,176.06600000002442,183.06600000002442),(24953,9,14,14,0,9,179.45500000002414,192.06600000002442),(24954,9,15,15,0,7,191.22600000002305,199.06600000002442),(24955,9,16,16,0,8,192.35200000002303,207.06600000002442),(24956,9,17,17,0,8,210.28500000002197,218.28500000002197),(24957,9,18,18,0,7,218.99100000002258,225.99100000002258),(24958,9,19,19,0,7,223.4730000000224,232.99100000002258),(24959,9,20,20,0,9,225.3930000000223,241.99100000002258),(24960,9,21,21,0,8,228.00600000002214,249.99100000002258),(24961,9,22,22,0,9,242.08000000001977,258.9910000000226),(24962,9,23,23,0,8,245.72500000001946,266.9910000000226),(24963,9,24,24,0,8,249.63100000001916,274.9910000000226),(24964,9,25,25,0,9,272.3060000000239,283.9910000000226),(24965,9,26,26,0,9,279.23400000002454,292.9910000000226),(24966,9,27,27,0,9,280.4390000000245,301.9910000000226),(24967,9,28,28,0,9,282.22800000002445,310.9910000000226),(24968,9,29,29,0,8,296.0990000000222,318.9910000000226),(24969,9,30,30,0,8,300.30000000002195,326.9910000000226),(24970,9,31,31,0,8,303.2960000000217,334.9910000000226),(24971,9,32,32,0,9,314.79300000002075,343.9910000000226),(24972,9,33,33,0,9,321.54000000002134,352.9910000000226),(24973,9,34,34,0,9,331.2200000000214,361.9910000000226),(24974,9,35,35,0,7,339.78800000002207,368.9910000000226),(24975,9,36,36,0,7,354.9980000000191,375.9910000000226),(24976,9,37,37,0,9,356.1860000000191,384.9910000000226),(24977,9,38,38,0,8,361.11300000001904,392.9910000000226),(24978,9,39,39,0,8,368.47800000001985,400.9910000000226),(24979,9,40,40,0,8,370.5650000000197,408.9910000000226),(24980,9,41,41,0,9,375.1170000000196,417.9910000000226),(24981,9,42,42,0,7,376.2660000000196,424.9910000000226),(24982,9,43,43,0,8,396.0800000000208,432.9910000000226),(24983,9,44,44,0,9,410.898000000018,441.9910000000226),(24984,9,45,45,0,8,410.94700000001797,449.9910000000226),(24985,9,46,46,0,7,422.79400000001687,456.9910000000226),(24986,9,47,47,0,8,426.0720000000166,464.9910000000226),(24987,9,48,48,0,7,432.98500000001724,471.9910000000226),(24988,9,49,49,0,8,433.82300000001726,479.9910000000226),(24989,9,50,50,0,7,441.021000000018,486.9910000000226),(24990,9,51,51,0,7,452.0500000000173,493.9910000000226),(24991,9,52,52,0,8,454.1380000000172,501.9910000000226),(24992,9,53,53,0,8,478.20400000002365,509.9910000000226),(24993,9,54,54,0,8,523.3650000000091,531.3650000000091),(24994,9,55,55,0,9,531.9200000000098,540.9200000000098),(24995,9,56,56,0,8,548.349000000007,556.349000000007),(24996,9,57,57,0,9,557.4070000000074,566.4070000000074),(24997,9,58,58,0,9,571.2160000000052,580.2160000000052),(24998,9,59,59,0,7,574.880000000005,587.2160000000052),(24999,9,60,60,0,9,577.2490000000048,596.2160000000052),(25000,9,61,61,0,7,578.6170000000047,603.2160000000052),(25001,9,62,62,0,8,589.4240000000042,611.2160000000052),(25002,9,63,63,0,9,602.4010000000025,620.2160000000052),(25003,9,64,64,0,8,604.1940000000023,628.2160000000052),(25004,9,65,65,0,8,606.1130000000022,636.2160000000052),(25005,9,66,66,0,7,617.9820000000011,643.2160000000052),(25006,9,67,67,0,8,628.6580000000006,651.2160000000052),(25007,9,68,68,0,7,658.6210000000142,665.6210000000142),(25008,9,69,69,0,7,668.880000000014,675.880000000014),(25009,9,70,70,0,9,671.8620000000137,684.880000000014),(25010,9,71,71,0,7,672.8550000000138,691.880000000014),(25011,9,72,72,0,7,674.0270000000138,698.880000000014),(25012,9,73,73,0,7,704.5230000000281,711.5230000000281),(25013,9,74,74,0,8,712.5510000000291,720.5510000000291),(25014,9,75,75,0,8,714.627000000029,728.5510000000291),(25015,9,76,76,0,8,725.5550000000285,736.5510000000291),(25016,9,77,77,0,8,741.6330000000252,749.6330000000252),(25017,9,78,78,0,8,749.5300000000261,757.6330000000252),(25018,9,79,79,0,9,787.663000000028,796.663000000028),(25019,9,80,80,0,8,798.6760000000273,806.6760000000273),(25020,9,81,81,0,9,814.508000000024,823.508000000024),(25021,9,82,82,0,9,818.7950000000238,832.508000000024),(25022,9,83,83,0,7,825.7460000000245,839.508000000024),(25023,9,84,84,0,9,827.0110000000245,848.508000000024),(25024,9,85,85,0,9,827.6330000000245,857.508000000024),(25025,9,86,86,0,9,829.0190000000244,866.508000000024),(25026,9,87,87,0,9,841.363000000023,875.508000000024),(25027,9,88,88,0,8,841.8030000000231,883.508000000024),(25028,9,89,89,0,9,845.3380000000228,892.508000000024),(25029,9,90,90,0,9,848.1730000000226,901.508000000024),(25030,9,91,91,0,9,848.6490000000226,910.508000000024),(25031,9,92,92,0,8,848.9230000000226,918.508000000024),(25032,9,93,93,0,9,852.2420000000224,927.508000000024),(25033,9,94,94,0,7,876.504000000029,934.508000000024),(25034,9,95,95,0,9,879.1460000000288,943.508000000024),(25035,9,96,96,0,8,888.8780000000289,951.508000000024),(25036,9,97,97,0,9,889.4520000000289,960.508000000024),(25037,9,98,98,0,7,897.1570000000298,967.508000000024),(25038,9,99,99,0,8,927.8060000000443,975.508000000024),(25039,9,100,100,0,8,943.8710000000409,983.508000000024),(25040,9,101,101,0,7,947.5010000000407,990.508000000024),(25041,9,102,102,0,9,971.9030000000475,999.508000000024),(25042,9,103,103,0,7,984.9050000000458,1006.508000000024),(25043,9,104,104,0,9,985.7190000000458,1015.508000000024),(25044,9,105,105,0,9,993.6690000000467,1024.508000000024),(25045,9,106,106,0,7,1000.0350000000471,1031.508000000024);
/*!40000 ALTER TABLE `resultado_cliente` ENABLE KEYS */;
UNLOCK TABLES;

--
-- Table structure for table `simulacao`
--

DROP TABLE IF EXISTS `simulacao`;
/*!40101 SET @saved_cs_client     = @@character_set_client */;
/*!40101 SET character_set_client = utf8 */;
CREATE TABLE `simulacao` (
  `ID_SIMULACAO` int(11) NOT NULL AUTO_INCREMENT,
  `ID_TIPO_DISTRIBUICAO_CHEGADA` int(11) NOT NULL,
  `ID_TIPO_DISTRIBUICAO_ATENDIMENTO` int(11) NOT NULL,
  `ID_TIPO_DISCIPLINA_FILA` int(11) NOT NULL,
  `NO_POPULACAO` int(11) NOT NULL,
  `NO_TEMPO_TOTAL` int(11) NOT NULL,
  `NO_SERVIDORES` int(11) NOT NULL,
  PRIMARY KEY (`ID_SIMULACAO`),
  KEY `fk_SIMULACAO_TIPO_DISCIPLINA_FILA1_idx` (`ID_TIPO_DISCIPLINA_FILA`),
  KEY `fk_SIMULACAO_TIPO_DISTRIBUICAO1_idx` (`ID_TIPO_DISTRIBUICAO_ATENDIMENTO`),
  KEY `fk_SIMULACAO_TIPO_DISTRIBUICAO2_idx` (`ID_TIPO_DISTRIBUICAO_CHEGADA`),
  CONSTRAINT `fk_SIMULACAO_TIPO_DISCIPLINA_FILA1` FOREIGN KEY (`ID_TIPO_DISCIPLINA_FILA`) REFERENCES `tipo_disciplina_fila` (`ID_TIPO_DISCIPLINA_FILA`) ON DELETE NO ACTION ON UPDATE NO ACTION,
  CONSTRAINT `fk_SIMULACAO_TIPO_DISTRIBUICAO1` FOREIGN KEY (`ID_TIPO_DISTRIBUICAO_ATENDIMENTO`) REFERENCES `tipo_distribuicao` (`ID_TIPO_DISTRIBUICAO`) ON DELETE NO ACTION ON UPDATE NO ACTION,
  CONSTRAINT `fk_SIMULACAO_TIPO_DISTRIBUICAO2` FOREIGN KEY (`ID_TIPO_DISTRIBUICAO_CHEGADA`) REFERENCES `tipo_distribuicao` (`ID_TIPO_DISTRIBUICAO`) ON DELETE NO ACTION ON UPDATE NO ACTION
) ENGINE=InnoDB AUTO_INCREMENT=10 DEFAULT CHARSET=utf8;
/*!40101 SET character_set_client = @saved_cs_client */;

--
-- Dumping data for table `simulacao`
--

LOCK TABLES `simulacao` WRITE;
/*!40000 ALTER TABLE `simulacao` DISABLE KEYS */;
INSERT INTO `simulacao` VALUES (4,3,1,2,0,100,1),(5,1,1,1,0,100,1),(6,1,1,1,0,1000,1),(7,1,1,1,0,600,12),(8,1,2,1,0,600,1),(9,1,4,1,0,1000,1);
/*!40000 ALTER TABLE `simulacao` ENABLE KEYS */;
UNLOCK TABLES;

--
-- Table structure for table `tipo_disciplina_fila`
--

DROP TABLE IF EXISTS `tipo_disciplina_fila`;
/*!40101 SET @saved_cs_client     = @@character_set_client */;
/*!40101 SET character_set_client = utf8 */;
CREATE TABLE `tipo_disciplina_fila` (
  `ID_TIPO_DISCIPLINA_FILA` int(11) NOT NULL,
  `SIGLA_TIPO_FILA` varchar(10) NOT NULL,
  `NOME_TIPO_FILA` varchar(45) NOT NULL,
  PRIMARY KEY (`ID_TIPO_DISCIPLINA_FILA`)
) ENGINE=InnoDB DEFAULT CHARSET=utf8;
/*!40101 SET character_set_client = @saved_cs_client */;

--
-- Dumping data for table `tipo_disciplina_fila`
--

LOCK TABLES `tipo_disciplina_fila` WRITE;
/*!40000 ALTER TABLE `tipo_disciplina_fila` DISABLE KEYS */;
INSERT INTO `tipo_disciplina_fila` VALUES (1,'FCFS','First Come First Served'),(2,'LCFS','Last Come First Served'),(3,'SIRO','Random');
/*!40000 ALTER TABLE `tipo_disciplina_fila` ENABLE KEYS */;
UNLOCK TABLES;

--
-- Table structure for table `tipo_distribuicao`
--

DROP TABLE IF EXISTS `tipo_distribuicao`;
/*!40101 SET @saved_cs_client     = @@character_set_client */;
/*!40101 SET character_set_client = utf8 */;
CREATE TABLE `tipo_distribuicao` (
  `ID_TIPO_DISTRIBUICAO` int(11) NOT NULL,
  `SIGLA_DISTRIBUICAO` varchar(10) NOT NULL,
  `TIPO_DISTRIBUICAO` varchar(45) NOT NULL,
  PRIMARY KEY (`ID_TIPO_DISTRIBUICAO`)
) ENGINE=InnoDB DEFAULT CHARSET=utf8;
/*!40101 SET character_set_client = @saved_cs_client */;

--
-- Dumping data for table `tipo_distribuicao`
--

LOCK TABLES `tipo_distribuicao` WRITE;
/*!40000 ALTER TABLE `tipo_distribuicao` DISABLE KEYS */;
INSERT INTO `tipo_distribuicao` VALUES (1,'M','Exponencial/Markoviana'),(2,'D','Determinístico'),(3,'Ek','Erlang K'),(4,'G','Geral');
/*!40000 ALTER TABLE `tipo_distribuicao` ENABLE KEYS */;
UNLOCK TABLES;
/*!40103 SET TIME_ZONE=@OLD_TIME_ZONE */;

/*!40101 SET SQL_MODE=@OLD_SQL_MODE */;
/*!40014 SET FOREIGN_KEY_CHECKS=@OLD_FOREIGN_KEY_CHECKS */;
/*!40014 SET UNIQUE_CHECKS=@OLD_UNIQUE_CHECKS */;
/*!40101 SET CHARACTER_SET_CLIENT=@OLD_CHARACTER_SET_CLIENT */;
/*!40101 SET CHARACTER_SET_RESULTS=@OLD_CHARACTER_SET_RESULTS */;
/*!40101 SET COLLATION_CONNECTION=@OLD_COLLATION_CONNECTION */;
/*!40111 SET SQL_NOTES=@OLD_SQL_NOTES */;

-- Dump completed on 2016-08-31  1:27:09
